ID,Case Number,Date,Block,IUCR,Primary Type,Description,Location Description,Arrest,Domestic,Beat,District,Ward,Community Area,FBI Code,X Coordinate,Y Coordinate,Year,Updated On,Latitude,Longitude,Location
10666780,HZ393311,8/15/2016 16:10,002XX N KOSTNER AVE,143A,WEAPONS VIOLATION,UNLAWFUL POSS OF HANDGUN,RESIDENCE,FALSE,FALSE,1114,11,28,26,15,,,2016,1/11/2017 15:52,,,
10666868,HZ399227,8/19/2016 20:14,044XX W FULTON ST,820,THEFT,$500 AND UNDER,STREET,FALSE,FALSE,1113,11,28,26,6,,,2016,1/11/2017 15:52,,,
10632118,HZ369728,7/29/2016 13:46,013XX W 57TH ST,1821,NARCOTICS,MANU/DEL:CANNABIS 10GM OR LESS,SIDEWALK,TRUE,FALSE,713,7,16,67,18,,,2016,1/14/2017 15:47,,,
10804235,JA103518,1/4/2017 0:26,015XX N LAWLER AVE,051A,ASSAULT,AGGRAVATED: HANDGUN,STREET,FALSE,FALSE,2533,25,37,25,04A,1142426,1909763,2017,2/14/2017 15:49,41.90844492,-87.75223662,"(41.908445, -87.752237)"
10805176,JA104172,1/4/2017 9:00,044XX S HOMAN AVE,610,BURGLARY,FORCIBLE ENTRY,RESIDENCE,FALSE,FALSE,821,8,14,58,5,1154429,1875046,2017,2/14/2017 15:49,41.81294599,-87.70907053,"(41.812946, -87.709071)"
10805380,JA104123,1/4/2017 13:45,039XX W 63RD PL,1310,CRIMINAL DAMAGE,TO PROPERTY,RESIDENCE,FALSE,FALSE,823,8,13,65,14,1151242,1862200,2017,2/14/2017 15:49,41.77775759,-87.72109624,"(41.777758, -87.721096)"
10805570,JA104639,1/4/2017 23:30,034XX W MADISON ST,1811,NARCOTICS,POSS: CANNABIS 30GMS OR LESS,SIDEWALK,TRUE,FALSE,1123,11,28,27,18,1153515,1899806,2017,2/14/2017 15:49,41.88090858,-87.7117658,"(41.880909, -87.711766)"
10806527,JA105234,1/4/2017 10:45,048XX N PAULINA ST,810,THEFT,OVER $500,ALLEY,FALSE,FALSE,2032,20,47,3,6,,,2017,1/11/2017 15:52,,,
10806529,JA105243,1/4/2017 13:30,063XX N FAIRFIELD AVE,810,THEFT,OVER $500,ALLEY,FALSE,FALSE,2413,24,50,2,6,,,2017,1/11/2017 15:52,,,
10806545,JA105113,1/4/2017 13:10,014XX N MAYFIELD AVE,1310,CRIMINAL DAMAGE,TO PROPERTY,VACANT LOT/LAND,FALSE,FALSE,2531,25,29,25,14,,,2017,1/11/2017 15:52,,,
10806552,JA105200,1/4/2017 23:00,053XX N PAULINA ST,810,THEFT,OVER $500,ALLEY,FALSE,FALSE,2012,20,40,77,6,,,2017,1/11/2017 15:52,,,
10809916,JA109261,11/18/2016 9:00,004XX W 60TH PL,820,THEFT,$500 AND UNDER,OTHER,FALSE,FALSE,711,7,20,68,6,,,2016,1/11/2017 15:52,,,
10811010,JA110284,10/31/2012 9:00,046XX W DIVERSEY AVE,1154,DECEPTIVE PRACTICE,FINANCIAL IDENTITY THEFT $300 AND UNDER,GOVERNMENT BUILDING/PROPERTY,FALSE,FALSE,2521,25,31,20,11,,,2012,1/11/2017 15:52,,,
10811059,JA110405,7/1/2016 9:00,075XX S COLFAX AVE,1153,DECEPTIVE PRACTICE,FINANCIAL IDENTITY THEFT OVER $ 300,RESIDENCE,FALSE,FALSE,421,4,7,43,11,,,2016,1/11/2017 15:52,,,
10811063,JA110399,1/30/2015 6:00,076XX S BLACKSTONE AVE,1153,DECEPTIVE PRACTICE,FINANCIAL IDENTITY THEFT OVER $ 300,APARTMENT,FALSE,FALSE,411,4,5,43,11,,,2015,1/11/2017 15:52,,,
10811180,JA110500,8/3/2016 12:00,079XX S CHAPPEL AVE,1110,DECEPTIVE PRACTICE,BOGUS CHECK,APARTMENT,FALSE,FALSE,414,4,8,46,11,,,2016,1/11/2017 15:52,,,
10811239,JA110509,12/11/2016 10:00,051XX S MASSASOIT AVE,1582,OFFENSE INVOLVING CHILDREN,CHILD PORNOGRAPHY,RESIDENCE,FALSE,FALSE,811,8,23,56,17,,,2016,1/11/2017 15:52,,,
10811248,HZ570498,11/1/2016 0:00,057XX S WABASH AVE,486,BATTERY,DOMESTIC BATTERY SIMPLE,APARTMENT,FALSE,TRUE,232,2,20,40,08B,,,2016,1/11/2017 15:52,,,
10811308,JA110616,10/8/2016 12:00,115XX S PEORIA ST,1153,DECEPTIVE PRACTICE,FINANCIAL IDENTITY THEFT OVER $ 300,OTHER,FALSE,FALSE,524,5,34,53,11,,,2016,1/11/2017 15:52,,,
10811382,JA110378,10/22/2016 12:00,006XX W BELMONT AVE,820,THEFT,$500 AND UNDER,RESIDENCE,FALSE,FALSE,1934,19,44,6,6,,,2016,1/11/2017 15:52,,,
10811409,JA110649,11/3/2016 15:00,092XX S STONY ISLAND AVE,1206,DECEPTIVE PRACTICE,"THEFT BY LESSEE,MOTOR VEH",VEHICLE-COMMERCIAL,FALSE,FALSE,413,4,8,48,11,,,2016,1/11/2017 15:52,,,
10811416,JA110592,7/1/2016 0:10,046XX W BELMONT AVE,5000,OTHER OFFENSE,OTHER CRIME AGAINST PERSON,OTHER,FALSE,FALSE,2521,25,31,19,26,,,2016,1/11/2017 15:52,,,
10811021,JA109321,12/21/2016 15:45,013XX N CLAREMONT AVE,560,ASSAULT,SIMPLE,"SCHOOL, PUBLIC, BUILDING",FALSE,FALSE,1424,14,1,24,08A,1160499,1908794,2016,1/16/2017 15:47,41.90543074,-87.68587196,"(41.905431, -87.685872)"
10810177,JA109307,1/4/2017 16:00,080XX S JUSTINE ST,2820,OTHER OFFENSE,TELEPHONE THREAT,APARTMENT,FALSE,TRUE,612,6,21,71,26,1167401,1851464,2017,2/14/2017 15:49,41.7479656,-87.66216389,"(41.747966, -87.662164)"
10810369,JA109549,1/4/2017 21:00,005XX N KINGSBURY ST,890,THEFT,FROM BUILDING,ATHLETIC CLUB,FALSE,FALSE,1831,18,42,8,6,1173193,1903598,2017,2/14/2017 15:49,41.89090025,-87.63939736,"(41.8909, -87.639397)"
10810504,JA109987,1/4/2017 12:10,034XX W 62ND PL,820,THEFT,$500 AND UNDER,RESIDENCE PORCH/HALLWAY,FALSE,FALSE,823,8,15,66,6,1154525,1862969,2017,2/14/2017 15:49,41.77980307,-87.70904011,"(41.779803, -87.70904)"
10811045,JA110408,1/2/2017 3:00,034XX W 74TH ST,1310,CRIMINAL DAMAGE,TO PROPERTY,RESIDENCE,FALSE,FALSE,835,8,18,66,14,1154694,1855325,2017,2/14/2017 15:49,41.75882338,-87.70862407,"(41.758823, -87.708624)"
10811176,JA110425,1/3/2017 9:00,008XX E 91ST ST,1310,CRIMINAL DAMAGE,TO PROPERTY,CHA APARTMENT,FALSE,FALSE,633,6,8,44,14,1183504,1844821,2017,2/14/2017 15:49,41.72937664,-87.60336424,"(41.729377, -87.603364)"
10811222,JA110467,1/4/2017 9:30,056XX W DIVISION ST,1150,DECEPTIVE PRACTICE,CREDIT CARD FRAUD,OTHER,FALSE,FALSE,1511,15,29,25,11,1138671,1907440,2017,2/14/2017 15:49,41.90213931,-87.76608727,"(41.902139, -87.766087)"
10811307,JA110564,1/3/2017 15:00,077XX S SANGAMON ST,890,THEFT,FROM BUILDING,APARTMENT,FALSE,FALSE,621,6,17,71,6,1171317,1853516,2017,2/14/2017 15:49,41.75351184,-87.64775451,"(41.753512, -87.647755)"
10811325,JA110464,1/4/2017 20:34,035XX W 71ST ST,820,THEFT,$500 AND UNDER,RESIDENCE,FALSE,FALSE,831,8,18,66,6,1153848,1857298,2017,2/14/2017 15:49,41.76425442,-87.71167239,"(41.764254, -87.711672)"
10811327,JA110507,1/4/2017 15:00,041XX W MARQUETTE RD,2826,OTHER OFFENSE,HARASSMENT BY ELECTRONIC MEANS,OTHER,FALSE,FALSE,833,8,13,65,26,1149755,1859846,2017,2/14/2017 15:49,41.77132675,-87.72660857,"(41.771327, -87.726609)"
10811336,JA110569,1/3/2017 15:00,077XX S SANGAMON ST,1152,DECEPTIVE PRACTICE,ILLEGAL USE CASH CARD,APARTMENT,FALSE,FALSE,621,6,17,71,11,1171317,1853516,2017,2/14/2017 15:49,41.75351184,-87.64775451,"(41.753512, -87.647755)"
10811441,JA110647,9/12/2016 9:00,045XX S DREXEL BLVD,1153,DECEPTIVE PRACTICE,FINANCIAL IDENTITY THEFT OVER $ 300,RESIDENCE,FALSE,FALSE,221,2,4,39,11,,,2016,1/11/2017 15:52,,,
10811507,JA110665,1/10/2014 0:00,030XX S MILLARD AVE,1153,DECEPTIVE PRACTICE,FINANCIAL IDENTITY THEFT OVER $ 300,RESIDENCE,FALSE,FALSE,1032,10,22,30,11,,,2014,1/11/2017 15:52,,,
10811512,JA110373,8/2/2016 20:00,022XX S KOSTNER AVE,2825,OTHER OFFENSE,HARASSMENT BY TELEPHONE,RESIDENCE,FALSE,FALSE,1013,10,22,29,26,,,2016,1/11/2017 15:52,,,
10811516,JA105475,12/19/2016 15:00,027XX S PULASKI RD,1153,DECEPTIVE PRACTICE,FINANCIAL IDENTITY THEFT OVER $ 300,RESIDENCE,FALSE,FALSE,1031,10,22,30,11,,,2016,1/11/2017 15:52,,,
10811545,JA110552,3/4/2012 12:00,001XX E CHICAGO AVE,1195,DECEPTIVE PRACTICE,FINAN EXPLOIT-ELDERLY/DISABLED,RESIDENCE,FALSE,FALSE,1833,18,42,8,11,,,2012,1/11/2017 15:52,,,
10811547,JA110793,11/21/2016 5:00,057XX W MADISON ST,1153,DECEPTIVE PRACTICE,FINANCIAL IDENTITY THEFT OVER $ 300,POLICE FACILITY/VEH PARKING LOT,FALSE,FALSE,1513,15,29,25,11,,,2016,1/11/2017 15:52,,,
10811576,JA110728,10/30/2015 7:50,030XX S MICHIGAN AVE,1154,DECEPTIVE PRACTICE,FINANCIAL IDENTITY THEFT $300 AND UNDER,OTHER,FALSE,FALSE,133,1,2,35,11,,,2015,1/11/2017 15:52,,,
10811583,JA110923,5/1/2015 8:00,033XX W FULTON BLVD,1153,DECEPTIVE PRACTICE,FINANCIAL IDENTITY THEFT OVER $ 300,RESIDENCE,FALSE,FALSE,1123,11,28,27,11,,,2015,1/11/2017 15:52,,,
10811586,JA110918,10/15/2016 0:01,029XX N NORDICA AVE,810,THEFT,OVER $500,RESIDENCE,FALSE,FALSE,2511,25,36,18,6,,,2016,1/11/2017 15:52,,,
10811591,JA110828,9/4/2016 21:00,106XX S SAWYER AVE,265,CRIM SEXUAL ASSAULT,AGGRAVATED: OTHER,ALLEY,FALSE,FALSE,2211,22,19,74,2,,,2016,1/11/2017 15:52,,,
10811603,JA110812,4/19/2016 9:00,020XX W ADAMS ST,1120,DECEPTIVE PRACTICE,FORGERY,RESTAURANT,FALSE,FALSE,1223,12,2,28,10,,,2016,1/11/2017 15:52,,,
10811607,JA110847,9/21/2016 9:00,043XX W HADDON AVE,1153,DECEPTIVE PRACTICE,FINANCIAL IDENTITY THEFT OVER $ 300,RESIDENCE,FALSE,FALSE,1111,11,37,23,11,,,2016,1/11/2017 15:52,,,
10811660,JA111048,12/7/2016 10:00,080XX S KINGSTON AVE,1156,DECEPTIVE PRACTICE,ATTEMPT - FINANCIAL IDENTITY THEFT,RESIDENCE,FALSE,FALSE,422,4,7,46,11,,,2016,1/11/2017 15:52,,,
10811697,JA109919,1/5/2016 15:20,035XX W PALMER ST,1153,DECEPTIVE PRACTICE,FINANCIAL IDENTITY THEFT OVER $ 300,,FALSE,FALSE,1413,14,26,22,11,,,2016,1/11/2017 15:52,,,
10811707,JA110843,12/5/2016 16:00,028XX N CHRISTIANA AVE,890,THEFT,FROM BUILDING,APARTMENT,FALSE,FALSE,1412,14,35,21,6,,,2016,1/11/2017 15:52,,,
10811710,JA111068,4/18/2015 12:15,002XX N KOSTNER AVE,1153,DECEPTIVE PRACTICE,FINANCIAL IDENTITY THEFT OVER $ 300,,FALSE,FALSE,1113,11,28,26,11,,,2015,1/11/2017 15:52,,,
10811714,JA110924,12/6/2016 10:50,001XX E WALTON ST,890,THEFT,FROM BUILDING,HOTEL/MOTEL,FALSE,FALSE,1833,18,42,8,6,,,2016,1/11/2017 15:52,,,
10811726,JA111064,5/19/2016 12:55,021XX W SCHILLER ST,1153,DECEPTIVE PRACTICE,FINANCIAL IDENTITY THEFT OVER $ 300,,FALSE,FALSE,1424,14,32,24,11,,,2016,1/11/2017 15:52,,,
10811731,JA111092,10/14/2016 13:00,001XX N LAPORTE AVE,1153,DECEPTIVE PRACTICE,FINANCIAL IDENTITY THEFT OVER $ 300,RESIDENCE,FALSE,FALSE,1532,15,28,25,11,,,2016,1/11/2017 15:52,,,
10811472,JA110741,9/7/2016 9:00,011XX N WESTERN AVE,460,BATTERY,SIMPLE,"SCHOOL, PUBLIC, GROUNDS",TRUE,FALSE,1212,12,1,24,08B,,,2016,2/4/2017 15:45,,,
10811643,JA110978,1/3/2017 13:00,013XX W 15TH ST,1153,DECEPTIVE PRACTICE,FINANCIAL IDENTITY THEFT OVER $ 300,RESIDENCE,FALSE,FALSE,1233,12,2,28,11,1167732,1892862,2017,2/14/2017 15:49,41.86155927,-87.65976218,"(41.861559, -87.659762)"
10811696,JA109889,1/4/2017 8:10,039XX N AVONDALE AVE,820,THEFT,$500 AND UNDER,STREET,FALSE,FALSE,1731,17,38,16,6,1147895,1926148,2017,2/14/2017 15:49,41.95330341,-87.73172367,"(41.953303, -87.731724)"
10811703,JA109870,1/4/2017 13:35,061XX N SEELEY AVE,1310,CRIMINAL DAMAGE,TO PROPERTY,APARTMENT,FALSE,FALSE,2413,24,40,2,14,1161552,1940583,2017,2/14/2017 15:49,41.99263963,-87.68111534,"(41.99264, -87.681115)"
10811715,JA111038,1/4/2017 15:50,045XX N MEADE AVE,1153,DECEPTIVE PRACTICE,FINANCIAL IDENTITY THEFT OVER $ 300,,FALSE,FALSE,1622,16,38,15,11,1134853,1929930,2017,2/14/2017 15:49,41.96392281,-87.779578,"(41.963923, -87.779578)"
10811725,JA110933,1/4/2017 23:30,005XX W DIVISION ST,890,THEFT,FROM BUILDING,RESIDENCE-GARAGE,FALSE,FALSE,1823,18,27,8,6,1172537,1908272,2017,2/14/2017 15:49,41.9037405,-87.64166811,"(41.903741, -87.641668)"
10811737,JA110910,10/20/2016 18:45,073XX S KENWOOD AVE,1154,DECEPTIVE PRACTICE,FINANCIAL IDENTITY THEFT $300 AND UNDER,RESIDENCE,FALSE,FALSE,324,3,5,43,11,,,2016,1/11/2017 15:52,,,
10811778,JA110698,11/18/2016 10:00,0000X W WASHINGTON ST,1790,OFFENSE INVOLVING CHILDREN,CHILD ABDUCTION,OTHER,FALSE,FALSE,111,1,42,32,20,,,2016,1/11/2017 15:52,,,
10811867,JA111014,11/20/2009 21:00,014XX W NORTH SHORE AVE,281,CRIM SEXUAL ASSAULT,NON-AGGRAVATED,APARTMENT,FALSE,FALSE,2432,24,40,1,2,,,2009,1/11/2017 15:52,,,
10811900,JA111310,12/8/2016 9:00,017XX W CARMEN AVE,1210,DECEPTIVE PRACTICE,THEFT OF LABOR/SERVICES,STREET,FALSE,FALSE,2032,20,47,3,11,,,2016,1/11/2017 15:52,,,
10812018,JA110268,11/18/2016 9:00,037XX S INDIANA AVE,4651,OTHER OFFENSE,SEX OFFENDER: FAIL REG NEW ADD,RESIDENCE,FALSE,FALSE,212,2,3,35,26,,,2016,1/11/2017 15:52,,,
10812101,JA111504,12/11/2016 12:00,043XX S HERMITAGE AVE,1310,CRIMINAL DAMAGE,TO PROPERTY,STREET,FALSE,FALSE,924,9,12,61,14,,,2016,1/11/2017 15:52,,,
10812168,JA111541,11/1/2016 8:00,001XX N HARBOR DR,2826,OTHER OFFENSE,HARASSMENT BY ELECTRONIC MEANS,RESIDENCE,FALSE,FALSE,114,1,42,32,26,,,2016,1/11/2017 15:52,,,
10812182,JA111526,12/10/2016 8:00,049XX W ADAMS ST,2826,OTHER OFFENSE,HARASSMENT BY ELECTRONIC MEANS,APARTMENT,FALSE,FALSE,1533,15,28,25,26,,,2016,1/11/2017 15:52,,,
10812218,JA111578,11/7/2015 7:00,103XX S CORLISS AVE,1153,DECEPTIVE PRACTICE,FINANCIAL IDENTITY THEFT OVER $ 300,OTHER,FALSE,FALSE,512,5,9,50,11,,,2015,1/11/2017 15:52,,,
10812288,JA108257,1/3/2017 12:00,017XX N LARRABEE ST,1122,DECEPTIVE PRACTICE,COUNTERFEIT CHECK,BANK,FALSE,FALSE,1813,18,43,7,10,,,2017,1/11/2017 15:52,,,
23063,JA102602,1/4/2017 0:41,034XX W FULTON BLVD,110,HOMICIDE,FIRST DEGREE MURDER,STREET,FALSE,FALSE,1123,11,28,27,01A,1153437,1901785,2017,1/11/2017 15:52,41.88634071,-87.7119996,"(41.886341, -87.712)"
23064,JA103468,1/4/2017 5:59,032XX W LEXINGTON ST,110,HOMICIDE,FIRST DEGREE MURDER,ALLEY,FALSE,FALSE,1134,11,24,27,01A,1154943,1896522,2017,1/11/2017 15:52,41.87186844,-87.70661031,"(41.871868, -87.70661)"
10268955,HY456302,10/9/2015 23:15,043XX W CERMAK RD,143A,WEAPONS VIOLATION,UNLAWFUL POSS OF HANDGUN,SIDEWALK,TRUE,FALSE,1013,10,22,29,15,1147859,1889021,2015,1/11/2017 15:49,41.85142376,-87.73281142,"(41.851424, -87.732811)"
10513975,HZ255658,5/2/2016 18:30,018XX S KILDARE AVE,910,MOTOR VEHICLE THEFT,AUTOMOBILE,PARKING LOT/GARAGE(NON.RESID.),TRUE,FALSE,1012,10,24,29,7,1147918,1890749,2016,1/11/2017 15:49,41.85616448,-87.7325505,"(41.856164, -87.73255)"
10654655,HZ404812,8/24/2016 0:53,005XX N KEDZIE AVE,041A,BATTERY,AGGRAVATED: HANDGUN,PARKING LOT/GARAGE(NON.RESID.),TRUE,FALSE,1221,12,27,23,04B,1154949,1903386,2016,1/11/2017 15:49,41.89070383,-87.70640419,"(41.890704, -87.706404)"
10691351,HZ445769,9/23/2016 1:00,020XX W 79TH ST,420,BATTERY,AGGRAVATED:KNIFE/CUTTING INSTR,SIDEWALK,FALSE,FALSE,611,6,18,71,04B,1164211,1852262,2016,1/11/2017 15:49,41.75022312,-87.6738307,"(41.750223, -87.673831)"
10696658,HZ450170,1/8/2016 9:00,001XX E RANDOLPH ST,2825,OTHER OFFENSE,HARASSMENT BY TELEPHONE,COMMERCIAL / BUSINESS OFFICE,TRUE,FALSE,114,1,42,32,26,,,2016,1/11/2017 15:49,,,
10698185,HZ453479,9/28/2016 17:07,073XX S LUELLA AVE,486,BATTERY,DOMESTIC BATTERY SIMPLE,APARTMENT,TRUE,TRUE,333,3,7,43,08B,1192486,1856746,2016,1/11/2017 15:49,41.76188614,-87.57007386,"(41.761886, -87.570074)"
10706558,HZ463028,10/6/2016 6:15,014XX S SPAULDING AVE,1025,ARSON,AGGRAVATED,APARTMENT,TRUE,FALSE,1022,10,24,29,9,1154599,1892818,2016,1/11/2017 15:49,41.86171115,-87.70797235,"(41.861711, -87.707972)"
10748943,HZ510342,11/10/2016 16:34,044XX W JACKSON BLVD,143A,WEAPONS VIOLATION,UNLAWFUL POSS OF HANDGUN,RESIDENCE PORCH/HALLWAY,TRUE,FALSE,1113,11,28,26,15,1146834,1898317,2016,1/11/2017 15:49,41.87695275,-87.73633619,"(41.876953, -87.736336)"
10750079,HZ511832,11/11/2016 18:50,066XX S BLACKSTONE AVE,143A,WEAPONS VIOLATION,UNLAWFUL POSS OF HANDGUN,STREET,TRUE,FALSE,321,3,5,42,15,1187338,1861046,2016,1/11/2017 15:49,41.77380951,-87.58880514,"(41.77381, -87.588805)"
10811904,JA111304,12/26/2016 20:30,026XX N ELSTON AVE,860,THEFT,RETAIL THEFT,DEPARTMENT STORE,TRUE,FALSE,1432,14,1,22,6,1160867,1917657,2016,1/16/2017 15:47,41.92974382,-87.68427378,"(41.929744, -87.684274)"
10812278,JA111593,12/20/2016 12:00,020XX S PEORIA ST,1153,DECEPTIVE PRACTICE,FINANCIAL IDENTITY THEFT OVER $ 300,"SCHOOL, PUBLIC, BUILDING",FALSE,FALSE,1235,12,25,31,11,1170901,1890459,2016,1/16/2017 15:47,41.85489643,-87.64819981,"(41.854896, -87.6482)"
10812296,HZ567721,12/22/2016 13:00,011XX W 107TH ST,1153,DECEPTIVE PRACTICE,FINANCIAL IDENTITY THEFT OVER $ 300,RESIDENCE,FALSE,FALSE,2234,22,34,75,11,1170521,1833846,2016,1/16/2017 15:47,41.69955189,-87.65124273,"(41.699552, -87.651243)"
10811811,JA111245,1/3/2017 12:00,011XX S WHIPPLE ST,2820,OTHER OFFENSE,TELEPHONE THREAT,RESIDENCE,FALSE,FALSE,1134,11,28,29,26,1156199,1894990,2017,2/14/2017 15:49,41.86763922,-87.70204037,"(41.867639, -87.70204)"
10812223,JA103751,1/4/2017 10:05,006XX W 18TH ST,460,BATTERY,SIMPLE,VEHICLE NON-COMMERCIAL,FALSE,FALSE,1235,12,25,31,08B,1172193,1891453,2017,2/14/2017 15:49,41.85759566,-87.64342833,"(41.857596, -87.643428)"
10811928,JA111373,12/31/2016 20:45,056XX W FULLERTON AVE,520,ASSAULT,AGGRAVATED:KNIFE/CUTTING INSTR,SMALL RETAIL STORE,TRUE,FALSE,2515,25,30,19,04A,1138562,1915397,2016,2/24/2017 15:50,41.92397622,-87.76629442,"(41.923976, -87.766294)"
10750143,HZ512145,11/12/2016 1:35,032XX N CLARK ST,530,ASSAULT,AGGRAVATED: OTHER DANG WEAPON,RESIDENCE PORCH/HALLWAY,FALSE,FALSE,1924,19,44,6,04A,1169778,1921776,2016,1/11/2017 15:49,41.94085676,-87.65140804,"(41.940857, -87.651408)"
10751735,HZ514152,11/13/2016 16:37,133XX S INDIANA AVE,453,BATTERY,AGGRAVATED PO: OTHER DANG WEAP,SIDEWALK,TRUE,FALSE,533,5,9,54,04B,1179952,1816692,2016,1/11/2017 15:49,41.65226861,-87.61723266,"(41.652269, -87.617233)"
10756963,HZ519901,11/18/2016 0:15,016XX E 85TH PL,486,BATTERY,DOMESTIC BATTERY SIMPLE,RESIDENCE,FALSE,TRUE,412,4,8,45,08B,1188777,1848617,2016,1/11/2017 15:49,41.73966891,-87.58392704,"(41.739669, -87.583927)"
10758533,HZ521984,11/19/2016 16:18,001XX W 66TH ST,560,ASSAULT,SIMPLE,SIDEWALK,TRUE,TRUE,722,7,20,69,08A,1176350,1861223,2016,1/11/2017 15:49,41.77454919,-87.62907923,"(41.774549, -87.629079)"
10767224,HZ532523,11/28/2016 18:04,022XX W WASHINGTON BLVD,496,BATTERY,AGGRAVATED DOMESTIC BATTERY: KNIFE/CUTTING INST,RESIDENCE,TRUE,TRUE,1223,12,2,28,04B,1161444,1900645,2016,1/11/2017 15:49,41.8830496,-87.68262768,"(41.88305, -87.682628)"
10771161,HZ536614,12/2/2016 1:00,062XX S MARSHFIELD AVE,420,BATTERY,AGGRAVATED:KNIFE/CUTTING INSTR,ALLEY,TRUE,FALSE,714,7,16,67,04B,1166411,1863331,2016,1/11/2017 15:49,41.78055138,-87.66545394,"(41.780551, -87.665454)"
10772362,HZ538083,12/3/2016 4:51,073XX N WINCHESTER AVE,479,BATTERY,AGG: HANDS/FIST/FEET SERIOUS INJURY,OTHER,TRUE,FALSE,2424,24,49,1,04B,1162043,1948924,2016,1/11/2017 15:49,42.01551728,-87.67907482,"(42.015517, -87.679075)"
10772522,HZ538327,12/2/2016 18:00,080XX S MERRILL AVE,910,MOTOR VEHICLE THEFT,AUTOMOBILE,STREET,TRUE,FALSE,414,4,8,46,7,1191925,1852123,2016,1/11/2017 15:49,41.74921388,-87.57227984,"(41.749214, -87.57228)"
10783062,HZ550723,12/13/2016 20:00,024XX W 63RD ST,560,ASSAULT,SIMPLE,SMALL RETAIL STORE,FALSE,TRUE,825,8,15,66,08A,1161333,1862817,2016,1/11/2017 15:49,41.77924762,-87.6840851,"(41.779248, -87.684085)"
10786925,HZ555676,12/18/2016 0:50,093XX S BISHOP ST,486,BATTERY,DOMESTIC BATTERY SIMPLE,VEHICLE NON-COMMERCIAL,TRUE,TRUE,2222,22,21,73,08B,1168303,1842903,2016,1/11/2017 15:49,41.72445363,-87.65910443,"(41.724454, -87.659104)"
10787163,HZ555966,12/18/2016 8:39,003XX N PINE AVE,143A,WEAPONS VIOLATION,UNLAWFUL POSS OF HANDGUN,VEHICLE NON-COMMERCIAL,TRUE,FALSE,1523,15,28,25,15,1139437,1901834,2016,1/11/2017 15:49,41.88674183,-87.76341038,"(41.886742, -87.76341)"
10788341,HZ557858,12/19/2016 19:30,0000X E GRAND AVE,1153,DECEPTIVE PRACTICE,FINANCIAL IDENTITY THEFT OVER $ 300,DEPARTMENT STORE,TRUE,FALSE,1834,18,42,8,11,1176796,1903917,2016,1/11/2017 15:49,41.89169488,-87.62615583,"(41.891695, -87.626156)"
10792874,HZ563073,12/23/2016 18:35,072XX S WHIPPLE ST,460,BATTERY,SIMPLE,RESIDENCE,FALSE,TRUE,831,8,18,66,08B,1157293,1856445,2016,1/11/2017 15:49,41.76184464,-87.69906854,"(41.761845, -87.699069)"
10795931,HZ566580,12/27/2016 13:35,048XX S ASHLAND AVE,1110,DECEPTIVE PRACTICE,BOGUS CHECK,BANK,TRUE,FALSE,933,9,20,61,11,1166487,1872698,2016,1/11/2017 15:49,41.80625394,-87.6649083,"(41.806254, -87.664908)"
10796483,HZ567156,12/25/2016 16:40,032XX W 63RD ST,2826,OTHER OFFENSE,HARASSMENT BY ELECTRONIC MEANS,OTHER,FALSE,FALSE,823,8,15,66,26,1155837,1862670,2016,1/11/2017 15:49,41.77895633,-87.70423811,"(41.778956, -87.704238)"
10799248,HZ568735,12/28/2016 17:00,007XX W MARQUETTE RD,5002,OTHER OFFENSE,OTHER VEHICLE OFFENSE,ALLEY,TRUE,FALSE,723,7,6,68,26,1172583,1860446,2016,1/11/2017 15:49,41.77250083,-87.64291125,"(41.772501, -87.642911)"
10799635,HZ569924,12/30/2016 5:30,037XX S HONORE ST,810,THEFT,OVER $500,STREET,FALSE,FALSE,912,9,11,59,6,1164633,1879951,2016,1/11/2017 15:49,41.82619636,-87.67150324,"(41.826196, -87.671503)"
10800867,HZ571458,12/31/2016 15:00,006XX N STATE ST,1150,DECEPTIVE PRACTICE,CREDIT CARD FRAUD,RESTAURANT,TRUE,FALSE,1832,18,42,8,11,1176258,1904390,2016,1/11/2017 15:49,41.89300497,-87.62811736,"(41.893005, -87.628117)"
10800879,HZ571482,12/31/2016 16:15,022XX S DRAKE AVE,497,BATTERY,AGGRAVATED DOMESTIC BATTERY: OTHER DANG WEAPON,RESIDENTIAL YARD (FRONT/BACK),TRUE,TRUE,1024,10,22,30,04B,1153054,1888802,2016,1/11/2017 15:49,41.85072152,-87.71375019,"(41.850722, -87.71375)"
10810363,JA109595,11/13/2016 11:40,014XX S MICHIGAN AVE,5001,OTHER OFFENSE,OTHER CRIME INVOLVING PROPERTY,RESIDENCE,FALSE,FALSE,131,1,2,33,26,,,2016,1/11/2017 15:49,,,
10810505,JA109292,10/12/2016 9:00,035XX E 95TH ST,1153,DECEPTIVE PRACTICE,FINANCIAL IDENTITY THEFT OVER $ 300,RESIDENCE,FALSE,FALSE,432,4,10,52,11,,,2016,1/11/2017 15:49,,,
23058,HZ571363,12/31/2016 14:29,093XX S WENTWORTH AVE,110,HOMICIDE,FIRST DEGREE MURDER,APARTMENT,TRUE,TRUE,634,6,21,49,01A,1176595,1842971,2016,1/11/2017 15:49,41.724458,-87.62872903,"(41.724458, -87.628729)"
10802207,JA101269,12/28/2016 9:18,009XX N MICHIGAN AVE,620,BURGLARY,UNLAWFUL ENTRY,SMALL RETAIL STORE,TRUE,FALSE,1833,18,42,8,5,1177324,1906733,2016,1/17/2017 15:57,41.89941016,-87.62413127,"(41.89941, -87.624131)"
10804191,JA103287,1/3/2017 19:07,012XX S FAIRFIELD AVE,143A,WEAPONS VIOLATION,UNLAWFUL POSS OF HANDGUN,RESIDENTIAL YARD (FRONT/BACK),TRUE,FALSE,1023,10,28,29,15,1158230,1894153,2017,2/14/2017 15:49,41.86530118,-87.69460707,"(41.865301, -87.694607)"
10805589,JA104679,1/5/2017 1:20,023XX N LATROBE AVE,1310,CRIMINAL DAMAGE,TO PROPERTY,RESIDENCE,FALSE,FALSE,2515,25,37,19,14,1141003,1914977,2017,2/14/2017 15:49,41.92277905,-87.75733545,"(41.922779, -87.757335)"
10805592,JA104675,1/5/2017 1:45,005XX W LAKE ST,860,THEFT,RETAIL THEFT,CONVENIENCE STORE,FALSE,FALSE,121,1,42,28,6,1172491,1901698,2017,2/14/2017 15:49,41.88570208,-87.64203164,"(41.885702, -87.642032)"
10805594,JA104666,1/5/2017 1:00,079XX S ESSEX AVE,560,ASSAULT,SIMPLE,APARTMENT,TRUE,TRUE,422,4,7,46,08A,1194234,1852817,2017,2/14/2017 15:49,41.75106192,-87.56379618,"(41.751062, -87.563796)"
10805595,JA104678,1/5/2017 1:15,086XX S ASHLAND AVE,860,THEFT,RETAIL THEFT,GAS STATION,FALSE,FALSE,614,6,21,71,6,1167181,1847361,2017,2/14/2017 15:49,41.73671109,-87.66308714,"(41.736711, -87.663087)"
10805601,JA104689,1/5/2017 2:19,016XX W DIVERSEY PKWY,820,THEFT,$500 AND UNDER,STREET,FALSE,FALSE,1931,19,32,6,6,1165098,1918657,2017,2/14/2017 15:49,41.93239893,-87.66869755,"(41.932399, -87.668698)"
10806019,JA104954,1/5/2017 7:00,0000X E 120TH ST,560,ASSAULT,SIMPLE,STREET,FALSE,FALSE,532,5,9,53,08A,1178624,1825406,2017,2/14/2017 15:49,41.67621137,-87.62182842,"(41.676211, -87.621828)"
10806374,JA105260,1/5/2017 14:45,008XX W NORTH AVE,860,THEFT,RETAIL THEFT,DEPARTMENT STORE,TRUE,FALSE,1822,18,43,8,6,1170635,1910871,2017,2/14/2017 15:49,41.91091418,-87.64857834,"(41.910914, -87.648578)"
10806544,JA105508,1/5/2017 12:50,093XX S HARVARD AVE,810,THEFT,OVER $500,APARTMENT,FALSE,FALSE,634,6,21,49,6,,,2017,1/12/2017 15:52,,,
10806462,JA105203,1/5/2017 12:30,031XX W 71ST ST,031A,ROBBERY,ARMED: HANDGUN,SIDEWALK,FALSE,FALSE,831,8,18,66,3,1156486,1857370,2017,2/14/2017 15:49,41.76439928,-87.70200143,"(41.764399, -87.702001)"
10806623,JA105623,1/5/2017 9:30,077XX N ASHLAND AVE,820,THEFT,$500 AND UNDER,APARTMENT,FALSE,FALSE,2422,24,49,1,6,1164297,1951257,2017,2/14/2017 15:49,42.0218715,-87.67071443,"(42.021871, -87.670714)"
10806688,JA105710,1/5/2017 20:45,081XX S COLFAX AVE,1310,CRIMINAL DAMAGE,TO PROPERTY,ALLEY,FALSE,FALSE,422,4,7,46,14,1194925,1851452,2017,2/14/2017 15:49,41.74729926,-87.56130894,"(41.747299, -87.561309)"
10806815,JA105246,1/5/2017 11:30,044XX N MANGO AVE,1320,CRIMINAL DAMAGE,TO VEHICLE,RESIDENCE,FALSE,FALSE,1622,16,38,15,14,,,2017,1/12/2017 15:52,,,
10806748,JA105690,1/5/2017 4:35,059XX S CALUMET AVE,910,MOTOR VEHICLE THEFT,AUTOMOBILE,STREET,FALSE,FALSE,232,2,20,40,7,1179496,1865781,2017,2/14/2017 15:49,41.78698552,-87.61740749,"(41.786986, -87.617407)"
10810219,JA105683,1/5/2017 21:45,083XX S HERMITAGE AVE,1360,CRIMINAL TRESPASS,TO VEHICLE,STREET,FALSE,FALSE,614,6,18,71,26,,,2017,1/12/2017 15:52,,,
10810311,JA105205,1/5/2017 14:15,111XX S AVENUE J,1130,DECEPTIVE PRACTICE,FRAUD OR CONFIDENCE GAME,RESIDENCE,FALSE,FALSE,433,4,10,52,11,,,2017,1/12/2017 15:52,,,
10810610,JA104692,1/5/2017 2:38,077XX S MARYLAND AVE,051A,ASSAULT,AGGRAVATED: HANDGUN,STREET,FALSE,FALSE,624,6,6,69,04A,,,2017,1/12/2017 15:52,,,
10811388,JA105924,1/5/2017 12:00,099XX S STATE ST,2820,OTHER OFFENSE,TELEPHONE THREAT,RESIDENCE,FALSE,TRUE,511,5,9,49,26,,,2017,1/12/2017 15:52,,,
10808524,JA107616,1/5/2017 9:00,070XX S JEFFERY BLVD,1153,DECEPTIVE PRACTICE,FINANCIAL IDENTITY THEFT OVER $ 300,RESIDENCE,FALSE,FALSE,332,3,5,43,11,1190762,1858684,2017,2/14/2017 15:49,41.76724597,-87.57632989,"(41.767246, -87.57633)"
10811888,JA105168,1/5/2017 9:00,038XX W VAN BUREN ST,1151,DECEPTIVE PRACTICE,ILLEGAL POSSESSION CASH CARD,CURRENCY EXCHANGE,FALSE,FALSE,1133,11,24,26,11,,,2017,1/12/2017 15:52,,,
10812378,JA111694,9/1/2016 10:00,050XX S ELIZABETH ST,2820,OTHER OFFENSE,TELEPHONE THREAT,APARTMENT,FALSE,FALSE,933,9,16,61,26,,,2016,1/12/2017 15:52,,,
10812402,JA111673,11/30/2016 12:00,050XX S ABERDEEN ST,1153,DECEPTIVE PRACTICE,FINANCIAL IDENTITY THEFT OVER $ 300,RESIDENCE,FALSE,FALSE,933,9,16,61,11,,,2016,1/12/2017 15:52,,,
10812439,JA111706,11/29/2016 13:59,036XX N NEWCASTLE AVE,820,THEFT,$500 AND UNDER,RESIDENCE,FALSE,FALSE,1632,16,36,17,6,,,2016,1/12/2017 15:52,,,
10812464,JA110480,12/1/2016 16:00,009XX N KINGSBURY ST,5001,OTHER OFFENSE,OTHER CRIME INVOLVING PROPERTY,RESIDENCE,FALSE,TRUE,1822,18,27,8,26,,,2016,1/12/2017 15:52,,,
10812471,JA111633,12/2/2016 12:00,042XX S PULASKI RD,810,THEFT,OVER $500,OTHER,FALSE,FALSE,815,8,14,57,6,,,2016,1/12/2017 15:52,,,
10812478,JA111669,8/25/2013 9:00,041XX W LAKE ST,1154,DECEPTIVE PRACTICE,FINANCIAL IDENTITY THEFT $300 AND UNDER,RESIDENCE,FALSE,FALSE,1114,11,28,26,11,,,2013,1/12/2017 15:52,,,
10812517,JA111790,11/7/2016 10:19,035XX S MICHIGAN AVE,820,THEFT,$500 AND UNDER,POLICE FACILITY/VEH PARKING LOT,FALSE,FALSE,213,2,3,35,6,,,2016,1/12/2017 15:52,,,
10812578,JA111795,12/15/2016 10:00,008XX S STATE ST,820,THEFT,$500 AND UNDER,OTHER,FALSE,FALSE,123,1,2,32,6,,,2016,1/12/2017 15:52,,,
10812600,JA111582,11/25/2016 10:30,016XX W OGDEN AVE,1130,DECEPTIVE PRACTICE,FRAUD OR CONFIDENCE GAME,RESIDENCE,FALSE,FALSE,1224,12,2,28,11,,,2016,1/12/2017 15:52,,,
10812619,JA111586,12/5/2016 9:00,0000X E LAKE ST,1153,DECEPTIVE PRACTICE,FINANCIAL IDENTITY THEFT OVER $ 300,RESIDENCE,FALSE,FALSE,111,1,42,32,11,,,2016,1/12/2017 15:52,,,
10812623,JA110770,12/3/2016 10:00,027XX N MILWAUKEE AVE,1122,DECEPTIVE PRACTICE,COUNTERFEIT CHECK,OTHER,FALSE,FALSE,1412,14,35,22,10,,,2016,1/12/2017 15:52,,,
10812692,JA110471,11/12/2016 10:00,021XX N BINGHAM ST,1150,DECEPTIVE PRACTICE,CREDIT CARD FRAUD,RESIDENCE,FALSE,FALSE,1431,14,1,22,11,,,2016,1/12/2017 15:52,,,
10812714,JA111929,9/13/2016 12:00,027XX W NORTH AVE,1154,DECEPTIVE PRACTICE,FINANCIAL IDENTITY THEFT $300 AND UNDER,STREET,FALSE,FALSE,1423,14,26,24,11,,,2016,1/12/2017 15:52,,,
10812732,JA111966,7/2/2010 9:00,020XX W JACKSON BLVD,1153,DECEPTIVE PRACTICE,FINANCIAL IDENTITY THEFT OVER $ 300,APARTMENT,FALSE,FALSE,1225,12,2,28,11,,,2010,1/12/2017 15:52,,,
10811398,JA110696,1/5/2017 9:00,010XX N LARAMIE AVE,2826,OTHER OFFENSE,HARASSMENT BY ELECTRONIC MEANS,RESIDENCE,FALSE,FALSE,1531,15,37,25,26,1141506,1906350,2017,2/14/2017 15:49,41.89909631,-87.75570072,"(41.899096, -87.755701)"
10811565,JA110913,1/5/2017 15:30,044XX N CLIFTON AVE,2820,OTHER OFFENSE,TELEPHONE THREAT,RESIDENCE,FALSE,FALSE,1913,19,46,3,26,1167846,1929624,2017,2/14/2017 15:49,41.96243395,-87.65828161,"(41.962434, -87.658282)"
10812700,JA111687,1/3/2017 13:25,025XX W BRADLEY PL,460,BATTERY,SIMPLE,OTHER,FALSE,FALSE,1921,19,47,5,08B,1158873,1924831,2017,2/14/2017 15:49,41.94947093,-87.69140378,"(41.949471, -87.691404)"
10812722,JA111833,1/5/2017 19:00,050XX W OAKDALE AVE,1153,DECEPTIVE PRACTICE,FINANCIAL IDENTITY THEFT OVER $ 300,RESIDENCE,FALSE,FALSE,2521,25,31,19,11,1142290,1919145,2017,2/14/2017 15:49,41.93419264,-87.75250279,"(41.934193, -87.752503)"
10812621,JA110919,1/2/2017 10:00,027XX N MILWAUKEE AVE,1122,DECEPTIVE PRACTICE,COUNTERFEIT CHECK,OTHER,TRUE,FALSE,1412,14,35,22,10,1153997,1917829,2017,3/2/2017 15:52,41.93035573,-87.70951465,"(41.930356, -87.709515)"
10812738,JA111878,11/26/2016 17:58,051XX W 55TH ST,1206,DECEPTIVE PRACTICE,"THEFT BY LESSEE,MOTOR VEH",VEHICLE - OTHER RIDE SERVICE,FALSE,FALSE,814,8,23,56,11,,,2016,1/12/2017 15:52,,,
10812745,JA106583,12/17/2016 14:00,011XX N LOCKWOOD AVE,820,THEFT,$500 AND UNDER,RESIDENCE,FALSE,FALSE,1524,15,37,25,6,,,2016,1/12/2017 15:52,,,
10812751,JA111975,11/25/2016 0:00,058XX W MADISON ST,1150,DECEPTIVE PRACTICE,CREDIT CARD FRAUD,CHURCH/SYNAGOGUE/PLACE OF WORSHIP,FALSE,FALSE,1513,15,29,25,11,,,2016,1/12/2017 15:52,,,
10812756,JA111970,11/28/2016 12:00,009XX N RIDGEWAY AVE,1153,DECEPTIVE PRACTICE,FINANCIAL IDENTITY THEFT OVER $ 300,RESIDENCE,FALSE,FALSE,1112,11,27,23,11,,,2016,1/12/2017 15:52,,,
10812786,JA111919,9/1/2016 13:00,072XX N HARLEM AVE,1122,DECEPTIVE PRACTICE,COUNTERFEIT CHECK,OTHER,FALSE,FALSE,1611,16,41,9,10,,,2016,1/12/2017 15:52,,,
10812790,JA111969,12/12/2016 13:35,002XX W MERCHANDISE MART PLZ,2826,OTHER OFFENSE,HARASSMENT BY ELECTRONIC MEANS,OTHER,FALSE,TRUE,1831,18,42,8,26,,,2016,1/12/2017 15:52,,,
10812792,JA111961,11/28/2016 6:06,0000X W TERMINAL ST,910,MOTOR VEHICLE THEFT,AUTOMOBILE,AIRPORT PARKING LOT,FALSE,FALSE,1651,16,41,76,7,,,2016,1/12/2017 15:52,,,
10812798,JA112070,2/1/2016 9:00,075XX S ESSEX AVE,1153,DECEPTIVE PRACTICE,FINANCIAL IDENTITY THEFT OVER $ 300,RESIDENCE,FALSE,FALSE,421,4,7,43,11,,,2016,1/12/2017 15:52,,,
10812807,JA112026,1/5/2010 12:00,096XX S HALSTED ST,1154,DECEPTIVE PRACTICE,FINANCIAL IDENTITY THEFT $300 AND UNDER,RESIDENCE,FALSE,FALSE,2223,22,21,73,11,,,2010,1/12/2017 15:52,,,
10812825,JA112083,11/1/2016 13:00,034XX N LAVERGNE AVE,1563,SEX OFFENSE,CRIMINAL SEXUAL ABUSE,APARTMENT,FALSE,TRUE,1634,16,38,15,17,,,2016,1/12/2017 15:52,,,
10812838,JA111918,11/4/2016 10:00,035XX N CLARK ST,820,THEFT,$500 AND UNDER,SIDEWALK,FALSE,FALSE,1924,19,44,6,6,,,2016,1/12/2017 15:52,,,
10812871,JA112029,11/10/2016 10:00,076XX S CHAMPLAIN AVE,5000,OTHER OFFENSE,OTHER CRIME AGAINST PERSON,RESIDENCE,FALSE,FALSE,624,6,6,69,26,,,2016,1/12/2017 15:52,,,
10812885,JA112060,10/26/2016 7:11,060XX N JERSEY AVE,910,MOTOR VEHICLE THEFT,AUTOMOBILE,STREET,FALSE,FALSE,1711,17,50,13,7,,,2016,1/12/2017 15:52,,,
10812910,JA111998,12/1/2016 9:00,023XX S SACRAMENTO AVE,1120,DECEPTIVE PRACTICE,FORGERY,RESIDENCE,FALSE,FALSE,1033,10,12,30,10,,,2016,1/12/2017 15:52,,,
10812921,JA112191,4/5/2016 0:00,052XX W WASHINGTON BLVD,281,CRIM SEXUAL ASSAULT,NON-AGGRAVATED,ABANDONED BUILDING,FALSE,FALSE,1523,15,28,25,2,,,2016,1/12/2017 15:52,,,
10812943,JA111932,7/15/2015 9:00,080XX S CRANDON AVE,1153,DECEPTIVE PRACTICE,FINANCIAL IDENTITY THEFT OVER $ 300,RESIDENCE,FALSE,FALSE,414,4,8,46,11,,,2015,1/12/2017 15:52,,,
10813000,JA112123,12/14/2016 10:00,036XX W ROOSEVELT RD,1120,DECEPTIVE PRACTICE,FORGERY,OTHER,FALSE,FALSE,1133,11,24,29,10,,,2016,1/12/2017 15:52,,,
10813009,JA112186,1/3/2017 6:10,002XX W ADAMS ST,820,THEFT,$500 AND UNDER,PARKING LOT/GARAGE(NON.RESID.),FALSE,FALSE,122,1,2,32,6,,,2017,1/12/2017 15:52,,,
10812778,JA111907,11/20/2016 12:00,051XX W 55TH ST,1206,DECEPTIVE PRACTICE,"THEFT BY LESSEE,MOTOR VEH",OTHER COMMERCIAL TRANSPORTATION,TRUE,FALSE,814,8,23,56,11,,,2016,1/23/2017 15:49,,,
10812883,JA111889,1/5/2017 12:00,005XX E 33RD ST,1130,DECEPTIVE PRACTICE,FRAUD OR CONFIDENCE GAME,APARTMENT,FALSE,FALSE,211,2,4,35,11,1180360,1883173,2017,2/14/2017 15:49,41.83469081,-87.61370565,"(41.834691, -87.613706)"
10812895,JA112188,1/4/2017 0:00,021XX N ELSTON AVE,1153,DECEPTIVE PRACTICE,FINANCIAL IDENTITY THEFT OVER $ 300,DEPARTMENT STORE,FALSE,FALSE,1432,14,32,22,11,1164551,1914302,2017,2/14/2017 15:49,41.92046017,-87.67083136,"(41.92046, -87.670831)"
10812901,JA112288,1/5/2017 22:00,064XX S ARTESIAN AVE,610,BURGLARY,FORCIBLE ENTRY,RESIDENCE-GARAGE,FALSE,FALSE,825,8,15,66,5,1161149,1861808,2017,2/14/2017 15:49,41.77648259,-87.68478756,"(41.776483, -87.684788)"
10812976,JA112320,1/1/2017 19:05,001XX N WABASH AVE,460,BATTERY,SIMPLE,RESTAURANT,FALSE,FALSE,111,1,42,32,08B,1176785,1901619,2017,2/14/2017 15:49,41.88538929,-87.62626577,"(41.885389, -87.626266)"
10813044,JA112448,1/5/2017 12:00,116XX S JUSTINE ST,1154,DECEPTIVE PRACTICE,FINANCIAL IDENTITY THEFT $300 AND UNDER,OTHER,FALSE,FALSE,524,5,34,53,11,1168093,1827535,2017,2/14/2017 15:49,41.68228588,-87.66031358,"(41.682286, -87.660314)"
10813062,JA108648,1/3/2017 13:00,023XX S TROY ST,3970,INTIMIDATION,EXTORTION,RESIDENCE,FALSE,FALSE,1033,10,24,30,26,1155728,1888260,2017,2/14/2017 15:49,41.84918085,-87.70395061,"(41.849181, -87.703951)"
10813064,JA112480,4/11/2015 12:00,003XX S CICERO AVE,1153,DECEPTIVE PRACTICE,FINANCIAL IDENTITY THEFT OVER $ 300,RESIDENCE,FALSE,FALSE,1131,11,24,25,11,,,2015,1/12/2017 15:52,,,
10813073,JA112496,11/9/2013 13:00,076XX S WESTERN AVE,1153,DECEPTIVE PRACTICE,FINANCIAL IDENTITY THEFT OVER $ 300,OTHER,FALSE,FALSE,835,8,18,70,11,,,2013,1/12/2017 15:52,,,
10813081,JA112519,7/1/2016 0:00,022XX W FARWELL AVE,1562,SEX OFFENSE,AGG CRIMINAL SEXUAL ABUSE,APARTMENT,FALSE,FALSE,2411,24,50,2,17,,,2016,1/12/2017 15:52,,,
10813188,JA112556,8/20/2016 10:00,006XX N MICHIGAN AVE,1150,DECEPTIVE PRACTICE,CREDIT CARD FRAUD,DEPARTMENT STORE,FALSE,FALSE,1834,18,42,8,11,,,2016,1/12/2017 15:52,,,
10813202,JA112569,9/15/2016 12:00,048XX N MILWAUKEE AVE,1120,DECEPTIVE PRACTICE,FORGERY,COMMERCIAL / BUSINESS OFFICE,FALSE,FALSE,1623,16,45,11,10,,,2016,1/12/2017 15:52,,,
10813295,JA111696,1/29/2016 15:00,065XX S GREENWOOD AVE,2820,OTHER OFFENSE,TELEPHONE THREAT,RESIDENCE,FALSE,FALSE,321,3,20,42,26,,,2016,1/12/2017 15:52,,,
10813308,JA112718,1/1/2014 15:00,056XX S MICHIGAN AVE,1155,DECEPTIVE PRACTICE,AGGRAVATED FINANCIAL IDENTITY THEFT,APARTMENT,FALSE,FALSE,225,2,20,40,11,,,2014,1/12/2017 15:52,,,
10813378,JA112789,11/25/2016 12:00,027XX N MILDRED AVE,910,MOTOR VEHICLE THEFT,AUTOMOBILE,STREET,FALSE,FALSE,1935,19,43,7,7,,,2016,1/12/2017 15:52,,,
10813495,JA111894,12/13/2016 12:30,044XX S PRAIRIE AVE,1153,DECEPTIVE PRACTICE,FINANCIAL IDENTITY THEFT OVER $ 300,RESIDENCE,FALSE,FALSE,215,2,3,38,11,,,2016,1/12/2017 15:52,,,
10813535,JA112934,11/29/2016 14:10,001XX E HURON ST,1150,DECEPTIVE PRACTICE,CREDIT CARD FRAUD,SMALL RETAIL STORE,FALSE,FALSE,1834,18,42,8,11,,,2016,1/12/2017 15:52,,,
23065,JA105744,1/5/2017 23:30,008XX E 46TH ST,110,HOMICIDE,FIRST DEGREE MURDER,AUTO,FALSE,FALSE,221,2,4,39,01A,1182638,1874692,2017,1/12/2017 15:52,41.81136567,-87.60561072,"(41.811366, -87.605611)"
10282948,HY470819,10/20/2015 13:00,046XX S HALSTED ST,1195,DECEPTIVE PRACTICE,FINAN EXPLOIT-ELDERLY/DISABLED,GROCERY FOOD STORE,TRUE,FALSE,925,9,11,61,11,1171750,1874054,2015,1/12/2017 15:50,41.809861,-87.64556572,"(41.809861, -87.645566)"
10313259,HY502517,11/15/2015 14:30,076XX N SHERIDAN RD,486,BATTERY,DOMESTIC BATTERY SIMPLE,APARTMENT,TRUE,TRUE,2422,24,49,1,08B,1165455,1950835,2015,1/12/2017 15:50,42.02068884,-87.66646507,"(42.020689, -87.666465)"
10412539,HZ149716,2/12/2016 19:42,053XX W ADAMS ST,1150,DECEPTIVE PRACTICE,CREDIT CARD FRAUD,STREET,TRUE,FALSE,1522,15,29,25,11,1140896,1898816,2016,1/12/2017 15:50,41.87843334,-87.75812676,"(41.878433, -87.758127)"
10602301,HZ354021,7/18/2016 13:30,023XX S PULASKI RD,143A,WEAPONS VIOLATION,UNLAWFUL POSS OF HANDGUN,PARKING LOT/GARAGE(NON.RESID.),TRUE,FALSE,1013,10,22,29,15,1150083,1887946,2016,1/12/2017 15:50,41.84843086,-87.7246767,"(41.848431, -87.724677)"
10684038,HZ437115,9/15/2016 23:00,096XX S PRAIRIE AVE,910,MOTOR VEHICLE THEFT,AUTOMOBILE,STREET,TRUE,FALSE,511,5,6,49,7,1179620,1841053,2016,1/12/2017 15:50,41.71912628,-87.61770698,"(41.719126, -87.617707)"
10690037,HZ444385,9/22/2016 4:35,014XX W DIVISION ST,313,ROBBERY,ARMED: OTHER DANGEROUS WEAPON,GAS STATION,TRUE,FALSE,1433,14,1,24,3,1166750,1908103,2016,1/12/2017 15:50,41.90340283,-87.66292986,"(41.903403, -87.66293)"
10719805,HZ478651,10/18/2016 0:05,087XX S THROOP ST,1025,ARSON,AGGRAVATED,RESIDENCE,TRUE,FALSE,2222,22,21,71,9,1169188,1846806,2016,1/12/2017 15:50,41.73514496,-87.65575014,"(41.735145, -87.65575)"
10724487,HZ482916,10/21/2016 9:13,019XX N KOSTNER AVE,610,BURGLARY,FORCIBLE ENTRY,APARTMENT,TRUE,FALSE,2534,25,31,20,5,1146745,1912531,2016,1/12/2017 15:50,41.91595921,-87.7362998,"(41.915959, -87.7363)"
10744371,HZ505242,11/6/2016 16:51,014XX N LATROBE AVE,486,BATTERY,DOMESTIC BATTERY SIMPLE,RESIDENCE PORCH/HALLWAY,TRUE,TRUE,2532,25,37,25,08B,1141101,1909105,2016,1/12/2017 15:50,41.90666383,-87.75712032,"(41.906664, -87.75712)"
10745100,HZ505836,11/7/2016 8:30,007XX E 72ND ST,486,BATTERY,DOMESTIC BATTERY SIMPLE,APARTMENT,TRUE,TRUE,323,3,6,69,08B,1182605,1857446,2016,1/12/2017 15:50,41.76404189,-87.60626669,"(41.764042, -87.606267)"
10755305,HZ517576,11/16/2016 12:48,050XX W HURON ST,143A,WEAPONS VIOLATION,UNLAWFUL POSS OF HANDGUN,ALLEY,TRUE,FALSE,1531,15,28,25,15,1142731,1904178,2016,1/12/2017 15:50,41.89311337,-87.7512554,"(41.893113, -87.751255)"
10813126,JA112543,12/28/2016 19:00,051XX S HARPER AVE,2825,OTHER OFFENSE,HARASSMENT BY TELEPHONE,OTHER,FALSE,TRUE,234,2,4,41,26,1187157,1871277,2016,1/16/2017 15:47,41.80188847,-87.58914402,"(41.801888, -87.589144)"
10813275,JA112714,1/5/2017 8:00,017XX N CENTRAL PARK AVE,610,BURGLARY,FORCIBLE ENTRY,APARTMENT,FALSE,FALSE,1422,14,26,23,5,1152105,1911435,2017,2/14/2017 15:49,41.91284761,-87.71663631,"(41.912848, -87.716636)"
10813548,JA112907,1/4/2017 9:00,025XX N LAKEVIEW AVE,1156,DECEPTIVE PRACTICE,ATTEMPT - FINANCIAL IDENTITY THEFT,RESIDENCE,FALSE,FALSE,1935,19,43,7,11,1173133,1917206,2017,2/14/2017 15:49,41.92824261,-87.63921328,"(41.928243, -87.639213)"
10813432,JA112861,5/30/2016 11:00,0000X N WELLS ST,498,BATTERY,AGGRAVATED DOMESTIC BATTERY: HANDS/FIST/FEET SERIOUS INJURY,RESTAURANT,TRUE,TRUE,122,1,42,32,04B,,,2016,3/3/2017 15:48,,,
10756494,HZ519441,11/16/2016 18:45,0000X E ROOSEVELT RD,1563,SEX OFFENSE,CRIMINAL SEXUAL ABUSE,CTA STATION,FALSE,FALSE,131,1,2,33,17,1177096,1895080,2016,1/12/2017 15:50,41.86743886,-87.62532181,"(41.867439, -87.625322)"
10757985,HZ521221,11/19/2016 0:12,071XX S NORMAL BLVD,497,BATTERY,AGGRAVATED DOMESTIC BATTERY: OTHER DANG WEAPON,RESIDENCE,TRUE,TRUE,732,7,6,68,04B,1174196,1857587,2016,1/12/2017 15:50,41.76461972,-87.6370833,"(41.76462, -87.637083)"
10763559,HZ528243,11/25/2016 0:42,102XX S AVENUE L,143A,WEAPONS VIOLATION,UNLAWFUL POSS OF HANDGUN,VEHICLE NON-COMMERCIAL,TRUE,FALSE,432,4,10,52,15,1201826,1837670,2016,1/12/2017 15:50,41.70930776,-87.53648985,"(41.709308, -87.53649)"
10774856,HZ541387,12/5/2016 19:43,023XX W 51ST ST,4387,OTHER OFFENSE,VIOLATE ORDER OF PROTECTION,RESIDENTIAL YARD (FRONT/BACK),TRUE,TRUE,932,9,16,63,26,1161707,1870794,2016,1/12/2017 15:50,41.8011298,-87.68249258,"(41.80113, -87.682493)"
10777534,HZ544106,12/8/2016 1:55,010XX W TAYLOR ST,051A,ASSAULT,AGGRAVATED: HANDGUN,STREET,TRUE,FALSE,1232,12,25,28,04A,1169604,1895763,2016,1/12/2017 15:50,41.86947934,-87.65280603,"(41.869479, -87.652806)"
10778607,HZ545037,12/8/2016 17:45,045XX N MALDEN ST,4387,OTHER OFFENSE,VIOLATE ORDER OF PROTECTION,RESIDENCE,FALSE,TRUE,1913,19,46,3,26,1166728,1930303,2016,1/12/2017 15:50,41.96432125,-87.66237249,"(41.964321, -87.662372)"
10778631,HZ545143,12/8/2016 23:22,079XX S COTTAGE GROVE AVE,143A,WEAPONS VIOLATION,UNLAWFUL POSS OF HANDGUN,STREET,TRUE,FALSE,624,6,6,44,15,1182933,1852498,2016,1/12/2017 15:50,41.75045645,-87.605218,"(41.750456, -87.605218)"
10779686,HZ545867,12/9/2016 14:20,054XX S RIDGEWOOD CT,630,BURGLARY,ATTEMPT FORCIBLE ENTRY,RESIDENCE,TRUE,FALSE,234,2,4,41,5,1186233,1869436,2016,1/12/2017 15:50,41.79685853,-87.59259082,"(41.796859, -87.592591)"
10780610,HZ547497,12/10/2016 22:55,114XX S BISHOP ST,143A,WEAPONS VIOLATION,UNLAWFUL POSS OF HANDGUN,STREET,TRUE,FALSE,2234,22,34,75,15,1168613,1828675,2016,1/12/2017 15:50,41.68540307,-87.65837738,"(41.685403, -87.658377)"
10782104,HZ549067,12/9/2016 0:01,095XX S AVENUE L,2826,OTHER OFFENSE,HARASSMENT BY ELECTRONIC MEANS,RESIDENCE,TRUE,FALSE,432,4,10,52,26,1201781,1842421,2016,1/12/2017 15:50,41.72234602,-87.53649362,"(41.722346, -87.536494)"
10783422,HZ551136,12/13/2016 22:00,012XX E 53RD ST,890,THEFT,FROM BUILDING,BANK,FALSE,FALSE,234,2,4,41,6,1185271,1870376,2016,1/12/2017 15:50,41.79946066,-87.59608897,"(41.799461, -87.596089)"
10790289,HZ560219,12/21/2016 17:15,015XX N KINGSBURY ST,051A,ASSAULT,AGGRAVATED: HANDGUN,SMALL RETAIL STORE,FALSE,FALSE,1822,18,32,8,04A,1169206,1910721,2016,1/12/2017 15:50,41.91053375,-87.65383232,"(41.910534, -87.653832)"
10794571,HZ565334,12/26/2016 11:21,019XX S PULASKI RD,041A,BATTERY,AGGRAVATED: HANDGUN,STREET,FALSE,FALSE,1014,10,24,29,04B,1150027,1890067,2016,1/12/2017 15:50,41.85425223,-87.72482707,"(41.854252, -87.724827)"
10797159,HZ567705,12/28/2016 12:00,027XX W FRANCIS PL,486,BATTERY,DOMESTIC BATTERY SIMPLE,APARTMENT,TRUE,TRUE,1431,14,1,22,08B,1157599,1913407,2016,1/12/2017 15:50,41.91814876,-87.69639881,"(41.918149, -87.696399)"
10800667,HZ571206,12/31/2016 11:20,041XX W 47TH ST,910,MOTOR VEHICLE THEFT,AUTOMOBILE,STREET,TRUE,FALSE,815,8,14,57,7,1149363,1873142,2016,1/12/2017 15:50,41.80782063,-87.72770219,"(41.807821, -87.727702)"
10805252,JA104019,11/17/2016 17:00,019XX W FULLERTON AVE,5002,OTHER OFFENSE,OTHER VEHICLE OFFENSE,PARKING LOT/GARAGE(NON.RESID.),FALSE,FALSE,1432,14,32,22,26,,,2016,1/12/2017 15:50,,,
10807017,HZ499850,11/2/2016 17:00,0000X W TERMINAL ST,860,THEFT,RETAIL THEFT,AIRPORT TERMINAL LOWER LEVEL - NON-SECURE AREA,TRUE,FALSE,1653,16,41,76,6,,,2016,1/12/2017 15:50,,,
10808092,JA104856,12/13/2016 16:00,023XX S BLUE ISLAND AVE,1150,DECEPTIVE PRACTICE,CREDIT CARD FRAUD,WAREHOUSE,FALSE,FALSE,1034,10,25,31,11,1163946,1888362,2016,1/12/2017 15:50,41.84929151,-87.67378675,"(41.849292, -87.673787)"
10808317,JA104207,12/17/2016 9:00,006XX W ARLINGTON PL,1153,DECEPTIVE PRACTICE,FINANCIAL IDENTITY THEFT OVER $ 300,RESIDENCE,FALSE,FALSE,1935,19,43,7,11,1171556,1916635,2016,1/12/2017 15:50,41.92671065,-87.64502499,"(41.926711, -87.645025)"
10808574,JA106690,12/24/2016 0:15,068XX N CLARK ST,320,ROBBERY,STRONGARM - NO WEAPON,SIDEWALK,FALSE,FALSE,2424,24,49,1,3,1163671,1945336,2016,1/12/2017 15:50,42.00563743,-87.67318616,"(42.005637, -87.673186)"
10808973,JA108177,12/22/2016 16:30,076XX N GREENVIEW AVE,1320,CRIMINAL DAMAGE,TO VEHICLE,STREET,FALSE,FALSE,2422,24,49,1,14,1164973,1950635,2016,1/12/2017 15:50,42.02015033,-87.66824452,"(42.02015, -87.668245)"
10801285,JA100260,1/1/2017 4:44,048XX W ADAMS ST,320,ROBBERY,STRONGARM - NO WEAPON,APARTMENT,FALSE,TRUE,1533,15,28,25,3,1144133,1898893,2017,2/14/2017 15:49,41.87858449,-87.7462391,"(41.878584, -87.746239)"
10808987,JA107193,12/31/2016 12:00,021XX W NORTH AVE,1151,DECEPTIVE PRACTICE,ILLEGAL POSSESSION CASH CARD,APARTMENT,FALSE,FALSE,1424,14,32,24,11,1161887,1910624,2016,1/12/2017 15:50,41.91042354,-87.68072223,"(41.910424, -87.680722)"
10809030,JA108254,12/28/2016 16:00,009XX E 104TH ST,1153,DECEPTIVE PRACTICE,FINANCIAL IDENTITY THEFT OVER $ 300,OTHER,FALSE,FALSE,512,5,9,50,11,1184238,1836191,2016,1/12/2017 15:50,41.70567778,-87.60094436,"(41.705678, -87.600944)"
10809083,JA108336,12/31/2016 7:52,040XX W GRAND AVE,890,THEFT,FROM BUILDING,OTHER,FALSE,FALSE,2534,25,30,23,6,1149270,1909077,2016,1/12/2017 15:50,41.90643249,-87.72711272,"(41.906432, -87.727113)"
10809088,JA108233,12/13/2016 8:00,046XX N WINTHROP AVE,1153,DECEPTIVE PRACTICE,FINANCIAL IDENTITY THEFT OVER $ 300,APARTMENT,FALSE,FALSE,1914,19,46,3,11,1168147,1931044,2016,1/12/2017 15:50,41.96632397,-87.65713376,"(41.966324, -87.657134)"
10809139,JA108416,12/14/2016 6:00,006XX S WELLS ST,1150,DECEPTIVE PRACTICE,CREDIT CARD FRAUD,OTHER,FALSE,FALSE,123,1,2,32,11,1174816,1897499,2016,1/12/2017 15:50,41.87412806,-87.63361957,"(41.874128, -87.63362)"
10809160,JA105435,12/25/2016 17:30,004XX E 47TH ST,610,BURGLARY,FORCIBLE ENTRY,APARTMENT,FALSE,FALSE,221,2,3,38,5,1180015,1873955,2016,1/12/2017 15:50,41.80940383,-87.61525421,"(41.809404, -87.615254)"
10809201,JA108448,12/30/2016 12:00,001XX W POLK ST,810,THEFT,OVER $500,RESIDENCE,FALSE,FALSE,123,1,2,32,6,1175455,1896796,2016,1/12/2017 15:50,41.87218466,-87.63129459,"(41.872185, -87.631295)"
10809241,HZ570667,12/27/2016 11:00,046XX S DR MARTIN LUTHER KING JR DR,620,BURGLARY,UNLAWFUL ENTRY,BARBERSHOP,FALSE,FALSE,221,2,3,38,5,1179645,1874138,2016,1/12/2017 15:50,41.80991447,-87.61660569,"(41.809914, -87.616606)"
10809268,JA108600,12/27/2016 16:00,052XX S ASHLAND AVE,560,ASSAULT,SIMPLE,RESIDENCE,FALSE,TRUE,934,9,16,61,08A,1166561,1870002,2016,1/12/2017 15:50,41.79885422,-87.66471381,"(41.798854, -87.664714)"
10809269,JA108335,12/28/2016 9:00,047XX S WOODLAWN AVE,1130,DECEPTIVE PRACTICE,FRAUD OR CONFIDENCE GAME,RESIDENCE,FALSE,FALSE,222,2,4,39,11,1185045,1873716,2016,1/12/2017 15:50,41.80863119,-87.5968128,"(41.808631, -87.596813)"
10809289,JA108623,12/31/2016 18:00,051XX W BYRON ST,910,MOTOR VEHICLE THEFT,AUTOMOBILE,STREET,FALSE,FALSE,1634,16,45,15,7,1141383,1925435,2016,1/12/2017 15:50,41.95146982,-87.75568027,"(41.95147, -87.75568)"
10809406,JA108710,12/30/2016 0:01,017XX W CERMAK RD,1320,CRIMINAL DAMAGE,TO VEHICLE,STREET,FALSE,FALSE,1234,12,25,31,14,1164878,1889450,2016,1/12/2017 15:50,41.85225739,-87.67033538,"(41.852257, -87.670335)"
10809616,JA107813,12/30/2016 12:00,012XX W 31ST ST,610,BURGLARY,FORCIBLE ENTRY,RESIDENCE,FALSE,FALSE,913,9,11,60,5,1168319,1884240,2016,1/12/2017 15:50,41.83788708,-87.65785637,"(41.837887, -87.657856)"
10809678,JA108955,12/23/2016 15:30,057XX N NAGLE AVE,051A,ASSAULT,AGGRAVATED: HANDGUN,GAS STATION,FALSE,FALSE,1612,16,41,10,04A,1132598,1937755,2016,1/12/2017 15:50,41.98543506,-87.78768584,"(41.985435, -87.787686)"
10809702,JA109009,12/28/2016 16:00,097XX S AVENUE L,051A,ASSAULT,AGGRAVATED: HANDGUN,SIDEWALK,FALSE,FALSE,432,4,10,52,04A,1201793,1841136,2016,1/12/2017 15:50,41.71881958,-87.53649323,"(41.71882, -87.536493)"
10809725,JA108988,12/24/2016 9:00,034XX N DAMEN AVE,1320,CRIMINAL DAMAGE,TO VEHICLE,STREET,FALSE,FALSE,1921,19,32,5,14,1162401,1923026,2016,1/12/2017 15:50,41.94444467,-87.67848604,"(41.944445, -87.678486)"
10809756,JA109051,12/20/2016 11:36,0000X W ERIE ST,1140,DECEPTIVE PRACTICE,EMBEZZLEMENT,COMMERCIAL / BUSINESS OFFICE,FALSE,FALSE,1832,18,42,8,12,1175984,1904772,2016,1/12/2017 15:50,41.89405937,-87.62911213,"(41.894059, -87.629112)"
10809762,JA108262,12/31/2016 15:36,014XX W RASCHER AVE,2820,OTHER OFFENSE,TELEPHONE THREAT,RESIDENCE,FALSE,FALSE,2013,20,48,77,26,1165417,1936290,2016,1/12/2017 15:50,41.98077786,-87.66702144,"(41.980778, -87.667021)"
10809791,JA109091,12/15/2016 12:00,013XX W BARRY AVE,1156,DECEPTIVE PRACTICE,ATTEMPT - FINANCIAL IDENTITY THEFT,OTHER,FALSE,FALSE,1933,19,32,6,11,1166922,1920702,2016,1/12/2017 15:50,41.93797152,-87.66193575,"(41.937972, -87.661936)"
10809801,JA109087,12/17/2016 10:00,046XX N KEDZIE AVE,1153,DECEPTIVE PRACTICE,FINANCIAL IDENTITY THEFT OVER $ 300,APPLIANCE STORE,FALSE,FALSE,1713,17,33,14,11,1154206,1930824,2016,1/12/2017 15:50,41.96601074,-87.70839843,"(41.966011, -87.708398)"
10809849,JA109151,12/23/2016 15:00,056XX S ROCKWELL ST,460,BATTERY,SIMPLE,"SCHOOL, PUBLIC, GROUNDS",FALSE,FALSE,824,8,16,63,08B,1160001,1867170,2016,1/12/2017 15:50,41.79122034,-87.68884876,"(41.79122, -87.688849)"
10809854,JA109152,12/26/2016 9:30,009XX W HURON ST,890,THEFT,FROM BUILDING,RESIDENCE,FALSE,FALSE,1214,12,27,24,6,1169865,1905075,2016,1/12/2017 15:50,41.89502644,-87.65157625,"(41.895026, -87.651576)"
10809875,JA109194,12/15/2016 8:00,034XX W 38TH PL,1153,DECEPTIVE PRACTICE,FINANCIAL IDENTITY THEFT OVER $ 300,RESIDENCE,FALSE,FALSE,911,9,12,58,11,1154076,1878858,2016,1/12/2017 15:50,41.82341366,-87.71026396,"(41.823414, -87.710264)"
10809890,JA109205,12/27/2016 9:00,049XX W GRAND AVE,1150,DECEPTIVE PRACTICE,CREDIT CARD FRAUD,OTHER,FALSE,FALSE,2533,25,31,19,11,1142975,1912359,2016,1/12/2017 15:50,41.9155584,-87.750155,"(41.915558, -87.750155)"
10809933,JA109265,12/17/2016 17:00,010XX W LAKE ST,820,THEFT,$500 AND UNDER,STREET,FALSE,FALSE,1214,12,27,28,6,1169598,1901628,2016,1/12/2017 15:50,41.88557346,-87.65265729,"(41.885573, -87.652657)"
10809946,JA109256,12/27/2016 12:00,073XX S CALIFORNIA AVE,610,BURGLARY,FORCIBLE ENTRY,RESIDENCE,FALSE,FALSE,835,8,18,66,5,1158976,1855948,2016,1/12/2017 15:50,41.76044658,-87.69291367,"(41.760447, -87.692914)"
10809949,JA109221,12/30/2016 12:00,060XX S CAMPBELL AVE,1153,DECEPTIVE PRACTICE,FINANCIAL IDENTITY THEFT OVER $ 300,RESIDENCE,FALSE,FALSE,825,8,15,66,11,1160738,1864565,2016,1/12/2017 15:50,41.78405668,-87.68621822,"(41.784057, -87.686218)"
10809966,JA109093,12/21/2016 12:00,086XX S INGLESIDE AVE,1152,DECEPTIVE PRACTICE,ILLEGAL USE CASH CARD,RESIDENCE,FALSE,FALSE,632,6,8,44,11,1184062,1847973,2016,1/12/2017 15:50,41.73801308,-87.60122195,"(41.738013, -87.601222)"
10809976,JA109119,12/20/2016 9:00,032XX W ADAMS ST,460,BATTERY,SIMPLE,"SCHOOL, PUBLIC, GROUNDS",FALSE,FALSE,1124,11,28,27,08B,1154752,1898890,2016,1/12/2017 15:50,41.87837031,-87.70724814,"(41.87837, -87.707248)"
10809997,JA109330,12/30/2016 22:00,062XX N LINCOLN AVE,1320,CRIMINAL DAMAGE,TO VEHICLE,PARKING LOT/GARAGE(NON.RESID.),FALSE,FALSE,1711,17,50,13,14,1152477,1941288,2016,1/12/2017 15:50,41.99475899,-87.7144777,"(41.994759, -87.714478)"
10809998,JA109298,12/30/2016 23:00,062XX N LINCOLN AVE,1320,CRIMINAL DAMAGE,TO VEHICLE,PARKING LOT/GARAGE(NON.RESID.),FALSE,FALSE,1711,17,50,13,14,1152477,1941288,2016,1/12/2017 15:50,41.99475899,-87.7144777,"(41.994759, -87.714478)"
10810053,JA109315,12/14/2016 0:01,013XX W 71ST ST,890,THEFT,FROM BUILDING,"SCHOOL, PUBLIC, BUILDING",FALSE,FALSE,734,7,17,67,6,1168443,1857678,2016,1/12/2017 15:50,41.76499529,-87.65816697,"(41.764995, -87.658167)"
10810080,JA109432,12/22/2016 13:19,002XX S WACKER DR,1242,DECEPTIVE PRACTICE,COMPUTER FRAUD,COMMERCIAL / BUSINESS OFFICE,FALSE,FALSE,122,1,2,32,11,1173971,1899133,2016,1/12/2017 15:50,41.87863072,-87.6366733,"(41.878631, -87.636673)"
10810114,JA109396,12/23/2016 9:00,015XX E 87TH ST,1122,DECEPTIVE PRACTICE,COUNTERFEIT CHECK,RESTAURANT,FALSE,FALSE,412,4,8,48,10,1187779,1847594,2016,1/12/2017 15:50,41.73688549,-87.58761599,"(41.736885, -87.587616)"
10810117,JA109424,12/26/2016 16:38,004XX S CLARK ST,820,THEFT,$500 AND UNDER,HOTEL/MOTEL,FALSE,FALSE,122,1,2,32,6,1175595,1898332,2016,1/12/2017 15:50,41.8763964,-87.63073444,"(41.876396, -87.630734)"
10810138,JA108987,12/26/2016 8:00,049XX W HENDERSON ST,820,THEFT,$500 AND UNDER,STREET,FALSE,FALSE,1634,16,38,15,6,1142910,1921820,2016,1/12/2017 15:50,41.94152155,-87.7501574,"(41.941522, -87.750157)"
10810162,JA109391,12/24/2016 12:00,042XX N ELSTON AVE,820,THEFT,$500 AND UNDER,VEHICLE-COMMERCIAL,FALSE,FALSE,1723,17,39,16,6,1149691,1927782,2016,1/12/2017 15:50,41.95775244,-87.72507874,"(41.957752, -87.725079)"
10810173,JA109525,12/30/2016 18:00,093XX S HALSTED ST,5002,OTHER OFFENSE,OTHER VEHICLE OFFENSE,OTHER,FALSE,FALSE,2223,22,21,73,26,1172623,1842808,2016,1/12/2017 15:50,41.724099,-87.64328314,"(41.724099, -87.643283)"
10810210,JA109544,12/23/2016 16:00,130XX S ESCANABA AVE,810,THEFT,OVER $500,"SCHOOL, PUBLIC, BUILDING",FALSE,FALSE,433,4,10,55,6,1197433,1819000,2016,1/12/2017 15:50,41.65818576,-87.55319631,"(41.658186, -87.553196)"
10810227,JA109576,12/16/2016 9:00,014XX S KEDVALE AVE,1154,DECEPTIVE PRACTICE,FINANCIAL IDENTITY THEFT $300 AND UNDER,OTHER,FALSE,TRUE,1011,10,24,29,11,1148950,1892806,2016,1/12/2017 15:50,41.86178926,-87.72870933,"(41.861789, -87.728709)"
10810230,JA109709,12/19/2016 17:00,042XX W AUGUSTA BLVD,820,THEFT,$500 AND UNDER,RESIDENCE,FALSE,TRUE,1111,11,37,23,6,1147840,1906328,2016,1/12/2017 15:50,41.89891656,-87.73243645,"(41.898917, -87.732436)"
10810234,JA109400,12/31/2016 12:00,046XX W MONROE ST,1153,DECEPTIVE PRACTICE,FINANCIAL IDENTITY THEFT OVER $ 300,OTHER,FALSE,FALSE,1113,11,28,25,11,1145383,1899159,2016,1/12/2017 15:50,41.87929087,-87.74164258,"(41.879291, -87.741643)"
10810248,JA109744,12/28/2016 12:00,040XX N LOWELL AVE,1156,DECEPTIVE PRACTICE,ATTEMPT - FINANCIAL IDENTITY THEFT,APARTMENT,FALSE,FALSE,1722,17,38,16,11,1146507,1926419,2016,1/12/2017 15:50,41.95407368,-87.73681919,"(41.954074, -87.736819)"
10810304,JA109283,12/16/2016 9:30,095XX S AVENUE M,560,ASSAULT,SIMPLE,RESIDENCE,FALSE,FALSE,432,4,10,52,08A,1201449,1842364,2016,1/12/2017 15:50,41.72219804,-87.53771159,"(41.722198, -87.537712)"
10810328,JA109752,12/27/2016 0:00,077XX W GREGORY ST,1153,DECEPTIVE PRACTICE,FINANCIAL IDENTITY THEFT OVER $ 300,OTHER,FALSE,FALSE,1613,16,41,10,11,1123774,1935921,2016,1/12/2017 15:50,41.98055204,-87.82018103,"(41.980552, -87.820181)"
10810343,JA109587,12/22/2016 16:45,084XX S BRANDON AVE,810,THEFT,OVER $500,RESIDENCE PORCH/HALLWAY,FALSE,FALSE,424,4,10,46,6,1198948,1849620,2016,1/12/2017 15:50,41.74217213,-87.54662924,"(41.742172, -87.546629)"
10810344,JA109680,12/26/2016 9:00,030XX W Carroll Ave,620,BURGLARY,UNLAWFUL ENTRY,"SCHOOL, PRIVATE, BUILDING",FALSE,FALSE,1222,12,27,27,5,1156114,1902253,2016,1/12/2017 15:50,41.88757134,-87.70215633,"(41.887571, -87.702156)"
10810350,JA109557,12/25/2016 8:00,074XX S PRAIRIE AVE,810,THEFT,OVER $500,RESIDENCE,FALSE,FALSE,323,3,6,69,6,1179328,1855708,2016,1/12/2017 15:50,41.75934801,-87.61833052,"(41.759348, -87.618331)"
10810368,JA109480,12/13/2016 14:10,054XX S WOODLAWN AVE,810,THEFT,OVER $500,APARTMENT,FALSE,FALSE,233,2,4,41,6,1185143,1869463,2016,1/12/2017 15:50,41.79695833,-87.59658707,"(41.796958, -87.596587)"
10810406,JA109629,12/22/2016 10:00,064XX S TALMAN AVE,1152,DECEPTIVE PRACTICE,ILLEGAL USE CASH CARD,STREET,FALSE,FALSE,825,8,15,66,11,1159819,1861784,2016,1/12/2017 15:50,41.77644415,-87.68966396,"(41.776444, -87.689664)"
10810416,JA109885,12/31/2016 23:00,034XX S GILES AVE,810,THEFT,OVER $500,RESIDENCE,FALSE,FALSE,211,2,2,35,6,1178828,1882229,2016,1/12/2017 15:50,41.83213549,-87.6193557,"(41.832135, -87.619356)"
10810451,JA109901,12/21/2016 20:30,039XX S INDIANA AVE,1750,OFFENSE INVOLVING CHILDREN,CHILD ABUSE,RESIDENCE,FALSE,TRUE,213,2,3,38,20,1178247,1878965,2016,1/12/2017 15:50,41.82319205,-87.62158666,"(41.823192, -87.621587)"
10810455,JA109656,12/16/2016 16:45,078XX S HERMITAGE AVE,1130,DECEPTIVE PRACTICE,FRAUD OR CONFIDENCE GAME,RESIDENCE,FALSE,FALSE,611,6,17,71,11,1166042,1852730,2016,1/12/2017 15:50,41.75146867,-87.66710779,"(41.751469, -87.667108)"
10810456,JA109808,12/15/2016 13:23,004XX E 78TH ST,1310,CRIMINAL DAMAGE,TO PROPERTY,APARTMENT,FALSE,FALSE,624,6,6,69,14,1180486,1853388,2016,1/12/2017 15:50,41.75295519,-87.6141576,"(41.752955, -87.614158)"
10810564,JA109977,12/23/2016 20:00,077XX S ST LOUIS AVE,810,THEFT,OVER $500,RESIDENCE,FALSE,FALSE,835,8,18,70,6,1154395,1852880,2016,1/12/2017 15:50,41.75211985,-87.70978485,"(41.75212, -87.709785)"
10810568,JA109869,12/26/2016 7:00,005XX E 102ND ST,820,THEFT,$500 AND UNDER,APARTMENT,FALSE,FALSE,511,5,9,49,6,1181520,1837445,2016,1/12/2017 15:50,41.70918192,-87.61085883,"(41.709182, -87.610859)"
10810927,JA110213,12/20/2016 9:00,067XX S WOLCOTT AVE,1153,DECEPTIVE PRACTICE,FINANCIAL IDENTITY THEFT OVER $ 300,RESIDENCE,FALSE,FALSE,726,7,15,67,11,1164848,1860021,2016,1/12/2017 15:50,41.77150148,-87.67127761,"(41.771501, -87.671278)"
10811057,JA110328,12/18/2016 9:00,068XX N OSCEOLA AVE,1153,DECEPTIVE PRACTICE,FINANCIAL IDENTITY THEFT OVER $ 300,RESIDENCE,FALSE,FALSE,1611,16,41,9,11,1125858,1944821,2016,1/12/2017 15:50,42.00494,-87.81231749,"(42.00494, -87.812317)"
10811067,JA110393,12/24/2016 21:00,002XX E RANDOLPH ST,2820,OTHER OFFENSE,TELEPHONE THREAT,OTHER,FALSE,FALSE,114,1,42,32,26,1177922,1901312,2016,1/12/2017 15:50,41.88452109,-87.62209989,"(41.884521, -87.6221)"
10811069,JA110350,12/18/2016 14:30,041XX W FULLERTON AVE,1206,DECEPTIVE PRACTICE,"THEFT BY LESSEE,MOTOR VEH",OTHER COMMERCIAL TRANSPORTATION,FALSE,FALSE,2524,25,31,20,11,1148567,1915639,2016,1/12/2017 15:50,41.92445285,-87.72952543,"(41.924453, -87.729525)"
10811074,JA110391,12/26/2016 17:00,101XX S LUELLA AVE,910,MOTOR VEHICLE THEFT,AUTOMOBILE,RESIDENCE-GARAGE,FALSE,FALSE,431,4,7,51,7,1193170,1838120,2016,1/12/2017 15:50,41.71075805,-87.56817389,"(41.710758, -87.568174)"
10811084,JA110415,12/19/2016 5:48,023XX W BELMONT AVE,2826,OTHER OFFENSE,HARASSMENT BY ELECTRONIC MEANS,RESIDENCE,FALSE,FALSE,1931,19,1,5,26,1160273,1921199,2016,1/12/2017 15:50,41.93947561,-87.68635834,"(41.939476, -87.686358)"
10811094,JA110396,12/26/2016 15:00,030XX N MILWAUKEE AVE,486,BATTERY,DOMESTIC BATTERY SIMPLE,APARTMENT,FALSE,TRUE,2523,25,30,21,08B,1151080,1920176,2016,1/12/2017 15:50,41.93685383,-87.72017231,"(41.936854, -87.720172)"
10811095,JA110358,12/22/2016 12:00,049XX N HARLEM AVE,1154,DECEPTIVE PRACTICE,FINANCIAL IDENTITY THEFT $300 AND UNDER,RESIDENCE,FALSE,FALSE,1613,16,41,10,11,1127351,1932342,2016,1/12/2017 15:50,41.97067133,-87.80710664,"(41.970671, -87.807107)"
10811143,JA110461,12/20/2016 0:00,001XX N CANAL ST,1154,DECEPTIVE PRACTICE,FINANCIAL IDENTITY THEFT $300 AND UNDER,RESIDENCE,FALSE,FALSE,121,1,42,28,11,1173097,1901452,2016,1/12/2017 15:50,41.88501362,-87.63981361,"(41.885014, -87.639814)"
10811187,JA110436,12/24/2016 11:00,066XX S DR MARTIN LUTHER KING JR DR,1154,DECEPTIVE PRACTICE,FINANCIAL IDENTITY THEFT $300 AND UNDER,"SCHOOL, PUBLIC, BUILDING",FALSE,FALSE,312,3,20,69,11,1180061,1861107,2016,1/12/2017 15:50,41.77414668,-87.61547898,"(41.774147, -87.615479)"
10811291,JA110517,12/23/2016 12:00,030XX N LECLAIRE AVE,910,MOTOR VEHICLE THEFT,AUTOMOBILE,STREET,FALSE,FALSE,2521,25,31,19,7,1141850,1919551,2016,1/12/2017 15:50,41.93531491,-87.75410972,"(41.935315, -87.75411)"
10811339,JA110619,12/13/2016 13:13,003XX W 112TH ST,2825,OTHER OFFENSE,HARASSMENT BY TELEPHONE,APARTMENT,FALSE,TRUE,522,5,34,49,26,1176092,1830656,2016,1/12/2017 15:50,41.69067518,-87.63093945,"(41.690675, -87.630939)"
10811408,HZ561118,12/22/2016 11:00,075XX S COLES AVE,486,BATTERY,DOMESTIC BATTERY SIMPLE,APARTMENT,FALSE,TRUE,421,4,7,43,08B,1195733,1855881,2016,1/12/2017 15:50,41.75943284,-87.55820205,"(41.759433, -87.558202)"
10811422,JA110668,12/25/2016 1:45,026XX W 71ST ST,2826,OTHER OFFENSE,HARASSMENT BY ELECTRONIC MEANS,OTHER,FALSE,FALSE,831,8,18,66,26,1159813,1857464,2016,1/12/2017 15:50,41.76458957,-87.68980445,"(41.76459, -87.689804)"
10811430,JA110717,12/31/2016 0:01,013XX N WELLS ST,1320,CRIMINAL DAMAGE,TO VEHICLE,RESIDENCE-GARAGE,FALSE,FALSE,1821,18,43,8,14,1174466,1909147,2016,1/12/2017 15:50,41.90609865,-87.63455633,"(41.906099, -87.634556)"
10811431,JA110713,12/31/2016 0:01,013XX N WELLS ST,5002,OTHER OFFENSE,OTHER VEHICLE OFFENSE,RESIDENCE-GARAGE,FALSE,FALSE,1821,18,43,8,26,1174466,1909147,2016,1/12/2017 15:50,41.90609865,-87.63455633,"(41.906099, -87.634556)"
10811446,JA110723,12/20/2016 13:00,025XX W MOFFAT ST,1156,DECEPTIVE PRACTICE,ATTEMPT - FINANCIAL IDENTITY THEFT,RESIDENCE,FALSE,FALSE,1434,14,1,22,11,1159209,1912209,2016,1/12/2017 15:50,41.91482839,-87.69051655,"(41.914828, -87.690517)"
10811636,JA110808,12/19/2016 0:00,093XX S LAFLIN ST,1153,DECEPTIVE PRACTICE,FINANCIAL IDENTITY THEFT OVER $ 300,RESIDENCE,FALSE,FALSE,2221,22,21,73,11,1167975,1842724,2016,1/12/2017 15:50,41.72396947,-87.66031101,"(41.723969, -87.660311)"
10811558,JA110834,1/1/2017 20:00,107XX S LA SALLE ST,1153,DECEPTIVE PRACTICE,FINANCIAL IDENTITY THEFT OVER $ 300,RESIDENCE,FALSE,FALSE,513,5,34,49,11,1177178,1833706,2017,2/14/2017 15:49,41.69902045,-87.62687197,"(41.69902, -87.626872)"
10811652,JA111040,12/31/2016 2:00,004XX S MORGAN ST,486,BATTERY,DOMESTIC BATTERY SIMPLE,APARTMENT,FALSE,TRUE,1232,12,2,28,08B,1169841,1898238,2016,1/12/2017 15:50,41.87626576,-87.6518638,"(41.876266, -87.651864)"
10811655,JA110984,12/22/2016 13:15,015XX E 55TH ST,810,THEFT,OVER $500,BANK,FALSE,FALSE,234,2,4,41,6,1187447,1868839,2016,1/12/2017 15:50,41.79519153,-87.588158,"(41.795192, -87.588158)"
10811677,JA111088,12/27/2016 15:30,015XX N BELL AVE,810,THEFT,OVER $500,RESIDENCE-GARAGE,FALSE,FALSE,1424,14,1,24,6,1161126,1910170,2016,1/12/2017 15:50,41.90919358,-87.68353049,"(41.909194, -87.68353)"
10811688,JA109900,12/24/2016 13:40,006XX W HARRISON ST,820,THEFT,$500 AND UNDER,STREET,FALSE,FALSE,124,1,2,28,6,1172257,1897564,2016,1/12/2017 15:50,41.87436328,-87.64301304,"(41.874363, -87.643013)"
10811692,JA111046,12/20/2016 15:05,002XX N LA SALLE ST,1153,DECEPTIVE PRACTICE,FINANCIAL IDENTITY THEFT OVER $ 300,,FALSE,FALSE,122,1,42,32,11,1175093,1901988,2016,1/12/2017 15:50,41.88643994,-87.63246797,"(41.88644, -87.632468)"
10811712,JA111152,12/24/2016 0:50,0000X N STATE ST,1153,DECEPTIVE PRACTICE,FINANCIAL IDENTITY THEFT OVER $ 300,,FALSE,FALSE,112,1,42,32,11,1176363,1900552,2016,1/12/2017 15:50,41.88247092,-87.62784763,"(41.882471, -87.627848)"
10811718,JA111158,12/27/2016 12:00,051XX S HYDE PARK BLVD,1153,DECEPTIVE PRACTICE,FINANCIAL IDENTITY THEFT OVER $ 300,,FALSE,FALSE,234,2,4,41,11,1188373,1871076,2016,1/12/2017 15:50,41.80130794,-87.58469096,"(41.801308, -87.584691)"
10811728,JA111153,12/29/2016 12:00,039XX N KEELER AVE,890,THEFT,FROM BUILDING,OTHER,FALSE,FALSE,1731,17,38,16,6,1147701,1925893,2016,1/12/2017 15:50,41.95260741,-87.73244341,"(41.952607, -87.732443)"
10811805,JA111103,12/31/2016 20:00,032XX W JACKSON BLVD,041A,BATTERY,AGGRAVATED: HANDGUN,APARTMENT,FALSE,FALSE,1124,11,28,27,04B,1154928,1898510,2016,1/12/2017 15:50,41.87732402,-87.70661209,"(41.877324, -87.706612)"
10811819,JA111178,12/26/2016 14:00,047XX S DREXEL BLVD,1153,DECEPTIVE PRACTICE,FINANCIAL IDENTITY THEFT OVER $ 300,RESIDENCE,FALSE,FALSE,223,2,4,39,11,1182989,1873702,2016,1/12/2017 15:50,41.80864087,-87.60435409,"(41.808641, -87.604354)"
10811822,JA111192,12/22/2016 14:00,052XX S HARPER AVE,1563,SEX OFFENSE,CRIMINAL SEXUAL ABUSE,MOVIE HOUSE/THEATER,FALSE,FALSE,234,2,4,41,17,1187175,1870545,2016,1/12/2017 15:50,41.79987938,-87.58910125,"(41.799879, -87.589101)"
10811993,JA111112,12/1/2016 21:30,056XX N RIDGE AVE,870,THEFT,POCKET-PICKING,STREET,FALSE,FALSE,2013,20,48,77,6,,,2016,1/12/2017 15:50,,,
22780,HZ429679,9/11/2016 15:47,016XX N KARLOV AVE,110,HOMICIDE,FIRST DEGREE MURDER,STREET,TRUE,FALSE,2534,25,30,23,01A,1148799,1910615,2016,1/12/2017 15:50,41.91066203,-87.72880309,"(41.910662, -87.728803)"
1744168,G553545,9/15/2001 2:00,013XX W POLK ST,460,BATTERY,SIMPLE,STREET,FALSE,FALSE,1213,12,,,08B,,,2001,8/17/2015 15:03,,,
10706812,HZ461873,10/2/2016 22:00,005XX W OHARE ST,820,THEFT,$500 AND UNDER,AIRPORT EXTERIOR - NON-SECURE AREA,FALSE,FALSE,1654,16,41,76,6,1106155,1936443,2016,1/13/2017 15:54,41.98225583,-87.88496946,"(41.982256, -87.884969)"
10797443,HZ567768,12/22/2016 8:00,045XX S MICHIGAN AVE,1130,DECEPTIVE PRACTICE,FRAUD OR CONFIDENCE GAME,RESIDENCE,FALSE,FALSE,215,2,3,38,11,1177919,1874911,2016,1/16/2017 15:47,41.81207498,-87.62291292,"(41.812075, -87.622913)"
10806734,JA105756,1/6/2017 0:07,015XX N MILWAUKEE AVE,810,THEFT,OVER $500,STREET,FALSE,FALSE,1424,14,1,24,6,1163175,1910275,2017,2/14/2017 15:49,41.90943887,-87.67600044,"(41.909439, -87.676)"
10806742,JA105772,1/6/2017 0:55,027XX E 93RD ST,502P,OTHER OFFENSE,FALSE/STOLEN/ALTERED TRP,STREET,FALSE,FALSE,423,4,7,48,26,1195978,1843823,2017,2/14/2017 15:49,41.72633867,-87.55770247,"(41.726339, -87.557702)"
10806752,JA105781,1/6/2017 1:13,067XX S JUSTINE ST,1310,CRIMINAL DAMAGE,TO PROPERTY,RESIDENCE,FALSE,TRUE,725,7,17,67,14,1167165,1860030,2017,2/14/2017 15:49,41.77147691,-87.662784,"(41.771477, -87.662784)"
10806759,JA105764,1/6/2017 0:15,035XX W FULLERTON AVE,1310,CRIMINAL DAMAGE,TO PROPERTY,BAR OR TAVERN,TRUE,FALSE,1413,14,26,22,14,1152368,1915727,2017,2/14/2017 15:49,41.92462004,-87.71555652,"(41.92462, -87.715557)"
10806763,JA105778,1/6/2017 0:48,090XX S CARPENTER ST,486,BATTERY,DOMESTIC BATTERY SIMPLE,RESIDENCE,TRUE,TRUE,2222,22,21,73,08B,1170901,1844918,2017,2/14/2017 15:49,41.72992685,-87.64952936,"(41.729927, -87.649529)"
10806765,JA105760,1/6/2017 0:20,054XX W CORTLAND ST,486,BATTERY,DOMESTIC BATTERY SIMPLE,RESIDENCE,FALSE,TRUE,2532,25,37,25,08B,1139652,1911915,2017,2/14/2017 15:49,41.91440137,-87.76237445,"(41.914401, -87.762374)"
10806768,JA105780,1/6/2017 0:36,091XX S COTTAGE GROVE AVE,501A,OTHER OFFENSE,ANIMAL ABUSE/NEGLECT,PARKING LOT/GARAGE(NON.RESID.),TRUE,FALSE,633,6,6,44,26,1183159,1844621,2017,2/14/2017 15:49,41.72883584,-87.60463426,"(41.728836, -87.604634)"
10806769,JA105762,1/6/2017 0:15,0000X N LARAMIE AVE,031A,ROBBERY,ARMED: HANDGUN,SIDEWALK,FALSE,FALSE,1533,15,28,25,3,1141718,1899747,2017,2/14/2017 15:49,41.88097296,-87.75508548,"(41.880973, -87.755085)"
10806774,JA105779,1/6/2017 0:01,054XX W RICE ST,560,ASSAULT,SIMPLE,VEHICLE NON-COMMERCIAL,TRUE,TRUE,1524,15,37,25,08A,1139962,1905137,2017,2/14/2017 15:49,41.89579608,-87.76140156,"(41.895796, -87.761402)"
10806775,JA105807,1/6/2017 2:20,005XX W 45TH ST,560,ASSAULT,SIMPLE,RESIDENCE,FALSE,FALSE,925,9,11,61,08A,1173538,1875082,2017,2/14/2017 15:49,41.81264248,-87.63897717,"(41.812642, -87.638977)"
10806776,JA105812,1/6/2017 3:09,015XX W MARQUETTE RD,1310,CRIMINAL DAMAGE,TO PROPERTY,RESIDENCE,FALSE,FALSE,725,7,17,67,14,1167348,1860302,2017,2/14/2017 15:49,41.7722194,-87.6621054,"(41.772219, -87.662105)"
1833988,G666677,11/2/2001 18:30,002XX W CONGRESS PW,810,THEFT,OVER $500,OTHER,FALSE,FALSE,131,1,,,6,,,2001,8/17/2015 15:03,,,
10807421,JA106176,1/6/2017 12:30,014XX S PULASKI RD,502P,OTHER OFFENSE,FALSE/STOLEN/ALTERED TRP,STREET,TRUE,FALSE,1011,10,24,29,26,1149950,1892805,2017,2/14/2017 15:49,41.86176714,-87.72503849,"(41.861767, -87.725038)"
10807665,JA106457,1/6/2017 8:00,003XX N JEFFERSON ST,1345,CRIMINAL DAMAGE,TO CITY OF CHICAGO PROPERTY,STREET,FALSE,FALSE,1214,12,42,28,14,1172269,1902395,2017,2/14/2017 15:49,41.8876196,-87.64282627,"(41.88762, -87.642826)"
10807903,JA106717,1/6/2017 19:41,047XX S LAFLIN ST,4625,OTHER OFFENSE,PAROLE VIOLATION,STREET,TRUE,FALSE,933,9,20,61,26,1167135,1873297,2017,2/14/2017 15:49,41.80788381,-87.66251452,"(41.807884, -87.662515)"
10807960,JA106790,1/6/2017 22:45,007XX E 131ST ST,910,MOTOR VEHICLE THEFT,AUTOMOBILE,STREET,FALSE,FALSE,533,5,9,54,7,1183806,1818526,2017,2/14/2017 15:49,41.65721266,-87.60307458,"(41.657213, -87.603075)"
10810637,JA107040,1/6/2017 18:55,045XX N BROADWAY,4387,OTHER OFFENSE,VIOLATE ORDER OF PROTECTION,STREET,FALSE,TRUE,1913,19,46,3,26,,,2017,1/13/2017 15:54,,,
10811370,JA106315,1/6/2017 8:30,046XX N RACINE AVE,460,BATTERY,SIMPLE,NURSING HOME/RETIREMENT HOME,FALSE,FALSE,1913,19,46,3,08B,,,2017,1/13/2017 15:54,,,
10811555,JA106488,1/6/2017 17:00,009XX W BELMONT AVE,313,ROBBERY,ARMED: OTHER DANGEROUS WEAPON,SIDEWALK,FALSE,FALSE,1924,19,44,6,3,,,2017,1/13/2017 15:54,,,
10811572,JA106606,1/6/2017 19:07,015XX N TRIPP AVE,1310,CRIMINAL DAMAGE,TO PROPERTY,APARTMENT,FALSE,FALSE,2534,25,37,23,14,,,2017,1/13/2017 15:54,,,
10811727,JA111147,1/6/2017 18:15,033XX S ARTESIAN AVE,810,THEFT,OVER $500,VEHICLE NON-COMMERCIAL,FALSE,FALSE,911,9,12,59,6,,,2017,1/13/2017 15:54,,,
10812854,HZ544283,12/1/2016 0:01,050XX N HARDING AVE,1754,OFFENSE INVOLVING CHILDREN,AGG SEX ASSLT OF CHILD FAM MBR,RESIDENCE,FALSE,FALSE,1712,17,39,14,2,,,2016,1/13/2017 15:54,,,
10813636,JA112979,11/19/2016 12:00,032XX W 28TH ST,1122,DECEPTIVE PRACTICE,COUNTERFEIT CHECK,OTHER,FALSE,FALSE,1032,10,22,30,10,,,2016,1/13/2017 15:54,,,
10813723,JA111689,6/7/2016 15:00,074XX S STONY ISLAND AVE,1152,DECEPTIVE PRACTICE,ILLEGAL USE CASH CARD,ATM (AUTOMATIC TELLER MACHINE),FALSE,FALSE,324,3,5,43,11,,,2016,1/13/2017 15:54,,,
10813732,JA113004,12/16/2016 9:00,035XX N WESTERN AVE,1153,DECEPTIVE PRACTICE,FINANCIAL IDENTITY THEFT OVER $ 300,BANK,FALSE,FALSE,1921,19,47,5,11,,,2016,1/13/2017 15:54,,,
10813758,JA113045,11/1/2016 16:00,115XX S MARSHFIELD AVE,820,THEFT,$500 AND UNDER,VEHICLE NON-COMMERCIAL,FALSE,FALSE,2234,22,34,75,6,,,2016,1/13/2017 15:54,,,
10811141,JA110478,1/6/2017 20:30,002XX S CANAL ST,1150,DECEPTIVE PRACTICE,CREDIT CARD FRAUD,OTHER,FALSE,FALSE,121,1,2,28,11,1173177,1899236,2017,2/14/2017 15:49,41.878931,-87.63958562,"(41.878931, -87.639586)"
10811196,JA110377,1/6/2017 13:00,081XX S LUELLA AVE,1310,CRIMINAL DAMAGE,TO PROPERTY,RESIDENCE,FALSE,FALSE,414,4,8,46,14,1192605,1851349,2017,2/14/2017 15:49,41.74707343,-87.56981326,"(41.747073, -87.569813)"
10811229,JA110439,1/6/2017 9:00,077XX S EAST END AVE,2820,OTHER OFFENSE,TELEPHONE THREAT,RESIDENCE,FALSE,TRUE,414,4,8,43,26,1188880,1854000,2017,2/14/2017 15:49,41.75443791,-87.58337777,"(41.754438, -87.583378)"
10813640,JA112957,6/19/2016 22:04,006XX W ROOSEVELT RD,2826,OTHER OFFENSE,HARASSMENT BY ELECTRONIC MEANS,RESTAURANT,TRUE,FALSE,124,1,2,28,26,,,2016,3/3/2017 15:48,,,
10813800,JA113034,9/26/2016 15:00,048XX S LAKE PARK AVE,820,THEFT,$500 AND UNDER,VEHICLE NON-COMMERCIAL,FALSE,FALSE,222,2,4,39,6,,,2016,1/13/2017 15:54,,,
10813899,JA111661,1/1/2016 0:01,034XX E 95TH ST,1562,SEX OFFENSE,AGG CRIMINAL SEXUAL ABUSE,APARTMENT,FALSE,FALSE,432,4,10,52,17,,,2016,1/13/2017 15:54,,,
10813940,HZ419926,11/18/2016 5:29,067XX N CLARK ST,5007,OTHER OFFENSE,OTHER WEAPONS VIOLATION,AIRPORT TERMINAL UPPER LEVEL - NON-SECURE AREA,FALSE,FALSE,2432,24,49,1,26,,,2016,1/13/2017 15:54,,,
10813942,JA113221,11/23/2016 20:30,017XX W HUBBARD ST,610,BURGLARY,FORCIBLE ENTRY,OTHER,FALSE,FALSE,1215,12,26,24,5,,,2016,1/13/2017 15:54,,,
10813979,JA113220,9/30/2016 5:47,001XX S LA SALLE ST,890,THEFT,FROM BUILDING,BANK,FALSE,FALSE,122,1,42,32,6,,,2016,1/13/2017 15:54,,,
10814002,JA113273,12/5/2016 12:00,073XX S WASHTENAW AVE,1153,DECEPTIVE PRACTICE,FINANCIAL IDENTITY THEFT OVER $ 300,OTHER,FALSE,FALSE,835,8,18,66,11,,,2016,1/13/2017 15:54,,,
10814006,JA113261,10/6/2016 8:00,053XX N LINCOLN AVE,910,MOTOR VEHICLE THEFT,AUTOMOBILE,PARKING LOT/GARAGE(NON.RESID.),FALSE,FALSE,2011,20,40,4,7,,,2016,1/13/2017 15:54,,,
10814009,JA113191,12/6/2016 0:01,008XX E 103RD ST,1122,DECEPTIVE PRACTICE,COUNTERFEIT CHECK,"SCHOOL, PUBLIC, BUILDING",FALSE,FALSE,512,5,9,50,10,,,2016,1/13/2017 15:54,,,
10814019,JA111875,9/23/2008 12:00,017XX E 67TH ST,1153,DECEPTIVE PRACTICE,FINANCIAL IDENTITY THEFT OVER $ 300,RESIDENCE,FALSE,FALSE,332,3,5,43,11,,,2008,1/13/2017 15:54,,,
10814086,JA113203,8/10/2016 12:00,017XX S STATE ST,1153,DECEPTIVE PRACTICE,FINANCIAL IDENTITY THEFT OVER $ 300,OTHER,FALSE,FALSE,131,1,3,33,11,,,2016,1/13/2017 15:54,,,
10814092,JA113164,10/15/2016 16:00,0000X N LECLAIRE AVE,1320,CRIMINAL DAMAGE,TO VEHICLE,STREET,FALSE,FALSE,1533,15,28,25,14,,,2016,1/13/2017 15:54,,,
10814103,HZ524244,11/19/2016 7:15,024XX S WABASH AVE,910,MOTOR VEHICLE THEFT,AUTOMOBILE,STREET,FALSE,FALSE,131,1,2,33,7,,,2016,1/13/2017 15:54,,,
10814111,JA113460,5/11/2009 12:00,095XX S WOODLAWN AVE,1153,DECEPTIVE PRACTICE,FINANCIAL IDENTITY THEFT OVER $ 300,RESIDENCE,FALSE,FALSE,511,5,8,50,11,,,2009,1/13/2017 15:54,,,
10814129,JA113509,12/13/2016 0:00,026XX N SAWYER AVE,1154,DECEPTIVE PRACTICE,FINANCIAL IDENTITY THEFT $300 AND UNDER,RESIDENCE,FALSE,FALSE,1412,14,35,22,11,,,2016,1/13/2017 15:54,,,
10814131,JA113495,12/9/2016 1:00,001XX N LA SALLE ST,1153,DECEPTIVE PRACTICE,FINANCIAL IDENTITY THEFT OVER $ 300,OTHER,FALSE,FALSE,122,1,42,32,11,,,2016,1/13/2017 15:54,,,
10814148,JA113480,10/1/2016 0:01,022XX N LAMON AVE,1562,SEX OFFENSE,AGG CRIMINAL SEXUAL ABUSE,RESIDENCE,FALSE,FALSE,2522,25,31,19,17,,,2016,1/13/2017 15:54,,,
10813908,JA112408,1/6/2017 20:59,048XX N SEELEY AVE,2826,OTHER OFFENSE,HARASSMENT BY ELECTRONIC MEANS,RESIDENCE,FALSE,FALSE,2032,20,47,4,26,1161799,1932223,2017,2/14/2017 15:49,41.9696943,-87.68044119,"(41.969694, -87.680441)"
10813945,JA113228,1/6/2017 12:30,054XX S FEDERAL ST,820,THEFT,$500 AND UNDER,ALLEY,FALSE,FALSE,225,2,3,40,6,1176633,1868870,2017,2/14/2017 15:49,41.79552698,-87.62781179,"(41.795527, -87.627812)"
10814003,JA111763,1/3/2017 7:00,067XX S BELL AVE,2820,OTHER OFFENSE,TELEPHONE THREAT,OTHER,FALSE,FALSE,832,8,17,66,26,1162561,1859899,2017,2/14/2017 15:49,41.7712147,-87.67966441,"(41.771215, -87.679664)"
10814014,JA113295,1/3/2017 12:00,001XX E KENSINGTON AVE,1110,DECEPTIVE PRACTICE,BOGUS CHECK,APARTMENT,FALSE,FALSE,532,5,9,53,11,1179281,1828231,2017,2/14/2017 15:49,41.68394867,-87.61933796,"(41.683949, -87.619338)"
10814050,JA113361,1/3/2017 14:50,016XX E 95TH ST,820,THEFT,$500 AND UNDER,OTHER,FALSE,FALSE,431,4,7,51,6,1188799,1842310,2017,2/14/2017 15:49,41.72236134,-87.5840476,"(41.722361, -87.584048)"
10814063,JA113377,1/4/2017 9:00,043XX W WASHINGTON BLVD,1110,DECEPTIVE PRACTICE,BOGUS CHECK,CHURCH/SYNAGOGUE/PLACE OF WORSHIP,FALSE,FALSE,1115,11,28,26,11,1147545,1900143,2017,2/14/2017 15:49,41.8819499,-87.73367874,"(41.88195, -87.733679)"
10814084,JA113326,1/3/2017 0:50,026XX S STATE ST,620,BURGLARY,UNLAWFUL ENTRY,BAR OR TAVERN,FALSE,FALSE,133,1,3,35,5,1176718,1886997,2017,2/14/2017 15:49,41.84526711,-87.62695362,"(41.845267, -87.626954)"
10813777,JA113084,12/15/2016 15:22,006XX W ROOSEVELT RD,3960,INTIMIDATION,INTIMIDATION,RESTAURANT,TRUE,TRUE,124,1,2,28,26,,,2016,3/3/2017 15:48,,,
10813791,JA113088,12/15/2016 15:08,006XX W ROOSEVELT RD,3960,INTIMIDATION,INTIMIDATION,RESTAURANT,TRUE,FALSE,124,1,2,28,26,,,2016,3/3/2017 15:48,,,
10814167,JA112251,10/1/2016 10:00,098XX S VAN VLISSINGEN RD,1153,DECEPTIVE PRACTICE,FINANCIAL IDENTITY THEFT OVER $ 300,RESIDENCE,FALSE,FALSE,431,4,7,51,11,,,2016,1/13/2017 15:54,,,
10814230,JA113587,2/1/2016 7:20,007XX N HARDING AVE,1153,DECEPTIVE PRACTICE,FINANCIAL IDENTITY THEFT OVER $ 300,,FALSE,FALSE,1112,11,27,23,11,,,2016,1/13/2017 15:54,,,
10814238,JA113322,12/15/2016 17:45,060XX S MOODY AVE,820,THEFT,$500 AND UNDER,RESIDENCE PORCH/HALLWAY,FALSE,FALSE,812,8,23,64,6,,,2016,1/13/2017 15:54,,,
10814239,JA113338,8/1/2016 9:55,010XX W ARMITAGE AVE,1153,DECEPTIVE PRACTICE,FINANCIAL IDENTITY THEFT OVER $ 300,,FALSE,FALSE,1811,18,43,7,11,,,2016,1/13/2017 15:54,,,
10814247,JA113523,2/1/2015 17:00,063XX N SHERIDAN RD,1153,DECEPTIVE PRACTICE,FINANCIAL IDENTITY THEFT OVER $ 300,,FALSE,FALSE,2433,24,49,77,11,,,2015,1/13/2017 15:54,,,
10814261,JA113662,11/3/2014 9:00,020XX W JACKSON BLVD,1154,DECEPTIVE PRACTICE,FINANCIAL IDENTITY THEFT $300 AND UNDER,APARTMENT,FALSE,FALSE,1225,12,2,28,11,,,2014,1/13/2017 15:54,,,
10814306,JA113721,12/14/2016 0:00,012XX S WABASH AVE,1153,DECEPTIVE PRACTICE,FINANCIAL IDENTITY THEFT OVER $ 300,RESIDENCE,FALSE,FALSE,131,1,2,33,11,,,2016,1/13/2017 15:54,,,
10814312,JA113539,12/2/2016 12:00,002XX S CANAL ST,5002,OTHER OFFENSE,OTHER VEHICLE OFFENSE,SMALL RETAIL STORE,FALSE,FALSE,121,1,2,28,26,,,2016,1/13/2017 15:54,,,
10814358,JA113811,12/1/2016 0:00,003XX N DESPLAINES ST,810,THEFT,OVER $500,PARKING LOT/GARAGE(NON.RESID.),FALSE,FALSE,1214,12,42,28,6,,,2016,1/13/2017 15:54,,,
10814375,JA113872,8/1/2016 0:00,082XX S SAGINAW AVE,1753,OFFENSE INVOLVING CHILDREN,SEX ASSLT OF CHILD BY FAM MBR,RESIDENCE,FALSE,FALSE,423,4,7,46,2,,,2016,1/13/2017 15:54,,,
10814404,JA113770,6/1/2016 0:01,080XX S ALBANY AVE,265,CRIM SEXUAL ASSAULT,AGGRAVATED: OTHER,RESIDENCE,FALSE,FALSE,835,8,18,70,2,,,2016,1/13/2017 15:54,,,
10814474,JA102227,1/2/2017 23:53,016XX N SPAULDING AVE,313,ROBBERY,ARMED: OTHER DANGEROUS WEAPON,SIDEWALK,FALSE,FALSE,1422,14,26,23,3,,,2017,1/13/2017 15:54,,,
10814585,JA107162,1/6/2017 21:30,026XX S MICHIGAN AVE,820,THEFT,$500 AND UNDER,OTHER,FALSE,FALSE,133,1,2,35,6,,,2017,1/13/2017 15:54,,,
10814743,JA114214,7/15/2014 9:00,080XX S CARPENTER ST,1320,CRIMINAL DAMAGE,TO VEHICLE,STREET,FALSE,FALSE,612,6,21,71,14,,,2014,1/13/2017 15:54,,,
10814746,JA114212,1/1/2015 8:00,0000X E SCHILLER ST,890,THEFT,FROM BUILDING,APARTMENT,FALSE,FALSE,1824,18,43,8,6,,,2015,1/13/2017 15:54,,,
10814754,JA114217,11/1/2016 0:01,022XX S KEELER AVE,1754,OFFENSE INVOLVING CHILDREN,AGG SEX ASSLT OF CHILD FAM MBR,RESIDENCE,FALSE,TRUE,1013,10,22,29,2,,,2016,1/13/2017 15:54,,,
10814762,JA114151,1/2/2010 20:10,102XX S MAY ST,1153,DECEPTIVE PRACTICE,FINANCIAL IDENTITY THEFT OVER $ 300,RESIDENCE,FALSE,FALSE,2232,22,34,73,11,,,2010,1/13/2017 15:54,,,
10814785,JA114191,10/25/2016 15:00,101XX S INDIANA AVE,1153,DECEPTIVE PRACTICE,FINANCIAL IDENTITY THEFT OVER $ 300,RESIDENCE,FALSE,FALSE,511,5,9,49,11,,,2016,1/13/2017 15:54,,,
10814833,JA114252,5/16/2016 17:00,0000X N LOCKWOOD AVE,261,CRIM SEXUAL ASSAULT,AGGRAVATED: HANDGUN,RESIDENCE PORCH/HALLWAY,FALSE,FALSE,1522,15,28,25,2,,,2016,1/13/2017 15:54,,,
10814185,JA113446,1/5/2017 15:30,034XX W 79TH ST,610,BURGLARY,FORCIBLE ENTRY,RESIDENCE,FALSE,FALSE,834,8,18,70,5,1154956,1851987,2017,2/14/2017 15:49,41.74965814,-87.7077528,"(41.749658, -87.707753)"
10814212,JA112049,1/2/2017 17:53,078XX S WOOD ST,2826,OTHER OFFENSE,HARASSMENT BY ELECTRONIC MEANS,APARTMENT,FALSE,FALSE,611,6,17,71,26,1165711,1852695,2017,2/14/2017 15:49,41.75137965,-87.66832175,"(41.75138, -87.668322)"
10814234,JA113466,1/1/2017 1:35,015XX N KINGSBURY ST,870,THEFT,POCKET-PICKING,BAR OR TAVERN,FALSE,FALSE,1822,18,32,8,6,1169525,1910220,2017,2/14/2017 15:49,41.90915204,-87.65267504,"(41.909152, -87.652675)"
10814248,JA112465,1/6/2017 20:10,0000X W WACKER DR,890,THEFT,FROM BUILDING,COMMERCIAL / BUSINESS OFFICE,FALSE,FALSE,111,1,42,32,6,1176020,1902133,2017,2/14/2017 15:49,41.886817,-87.62905947,"(41.886817, -87.629059)"
10814262,JA113556,1/1/2017 0:00,002XX N MICHIGAN AVE,1310,CRIMINAL DAMAGE,TO PROPERTY,RESTAURANT,FALSE,FALSE,114,1,42,32,14,1177257,1901899,2017,2/14/2017 15:49,41.88614694,-87.62452403,"(41.886147, -87.624524)"
10814330,JA113186,1/6/2017 20:30,033XX W LAWRENCE AVE,320,ROBBERY,STRONGARM - NO WEAPON,SIDEWALK,FALSE,FALSE,1713,17,33,14,3,1153087,1931690,2017,2/14/2017 15:49,41.96840942,-87.71248973,"(41.968409, -87.71249)"
23066,HZ564892,1/6/2017 1:43,086XX S MARYLAND AVE,110,HOMICIDE,FIRST DEGREE MURDER,PORCH,FALSE,FALSE,632,6,8,44,01A,1183405,1847810,2017,1/13/2017 15:54,41.7375811,-87.60363407,"(41.737581, -87.603634)"
23075,HZ131397,1/24/2016 0:01,027XX W CONGRESS PKWY,110,HOMICIDE,FIRST DEGREE MURDER,HOUSE,FALSE,FALSE,1135,11,28,27,01A,,,2016,1/13/2017 15:54,,,
10270593,HY458571,10/12/2015 1:21,059XX W CHICAGO AVE,1480,CONCEALED CARRY LICENSE VIOLATION,OTHER,SIDEWALK,TRUE,FALSE,1511,15,29,25,15,1136633,1904728,2015,1/13/2017 15:52,41.89473398,-87.77363824,"(41.894734, -87.773638)"
10415541,HZ153535,1/28/2016 0:01,056XX W DIVERSEY AVE,810,THEFT,OVER $500,SMALL RETAIL STORE,TRUE,FALSE,2514,25,30,19,6,1138475,1918055,2016,1/13/2017 15:52,41.93127163,-87.76654953,"(41.931272, -87.76655)"
10445186,HZ183374,3/11/2016 14:35,034XX W MONTROSE AVE,313,ROBBERY,ARMED: OTHER DANGEROUS WEAPON,SMALL RETAIL STORE,TRUE,FALSE,1723,17,33,16,3,1152442,1929024,2016,1/13/2017 15:52,41.96110655,-87.71493213,"(41.961107, -87.714932)"
10592380,HZ343471,7/10/2016 14:58,010XX W BARRY AVE,031A,ROBBERY,ARMED: HANDGUN,ALLEY,TRUE,FALSE,1933,19,44,6,3,1168915,1920757,2016,1/13/2017 15:52,41.93807938,-87.65460951,"(41.938079, -87.65461)"
10643242,HZ394449,8/16/2016 13:36,052XX N SHERIDAN RD,850,THEFT,ATTEMPT THEFT,GROCERY FOOD STORE,TRUE,FALSE,2023,20,48,77,6,1168697,1934885,2016,1/13/2017 15:52,41.97685185,-87.65499969,"(41.976852, -87.655)"
10669037,HZ420395,9/4/2016 15:25,053XX W CRYSTAL ST,143A,WEAPONS VIOLATION,UNLAWFUL POSS OF HANDGUN,RESIDENCE PORCH/HALLWAY,TRUE,FALSE,2532,25,37,25,15,1140581,1907810,2016,1/13/2017 15:52,41.90311976,-87.75906236,"(41.90312, -87.759062)"
10669881,HZ421598,9/5/2016 16:00,022XX N LATROBE AVE,1565,SEX OFFENSE,INDECENT SOLICITATION/CHILD,SIDEWALK,FALSE,FALSE,2515,25,37,19,17,1141022,1914312,2016,1/13/2017 15:52,41.92095387,-87.75728205,"(41.920954, -87.757282)"
10676140,HZ428593,9/10/2016 15:00,109XX S DOTY AVE W,454,BATTERY,AGG PO HANDS NO/MIN INJURY,DEPARTMENT STORE,TRUE,FALSE,513,5,9,50,08B,1185440,1832668,2016,1/13/2017 15:52,41.6959821,-87.59665314,"(41.695982, -87.596653)"
10684425,HZ437475,9/16/2016 23:43,081XX S PRINCETON AVE,650,BURGLARY,HOME INVASION,RESIDENCE,TRUE,FALSE,622,6,21,44,5,1175700,1850999,2016,1/13/2017 15:52,41.74650792,-87.63176768,"(41.746508, -87.631768)"
10692554,HZ446891,9/23/2016 18:30,001XX N MAYFIELD AVE,420,BATTERY,AGGRAVATED:KNIFE/CUTTING INSTR,RESIDENTIAL YARD (FRONT/BACK),TRUE,FALSE,1512,15,29,25,04B,1137137,1900494,2016,1/13/2017 15:52,41.8831063,-87.77188891,"(41.883106, -87.771889)"
10692588,HZ446939,9/23/2016 19:48,006XX W 21ST ST,1025,ARSON,AGGRAVATED,VEHICLE NON-COMMERCIAL,FALSE,FALSE,1235,12,25,31,9,1172478,1890235,2016,1/13/2017 15:52,41.85424709,-87.64241819,"(41.854247, -87.642418)"
10693566,HZ448352,9/23/2016 12:00,036XX N OSCEOLA AVE,890,THEFT,FROM BUILDING,RESIDENCE,TRUE,TRUE,1631,16,36,17,6,1125767,1923218,2016,1/13/2017 15:52,41.94566058,-87.81313493,"(41.945661, -87.813135)"
10731644,HZ490981,10/27/2016 9:07,064XX S CLAREMONT AVE,486,BATTERY,DOMESTIC BATTERY SIMPLE,RESIDENCE,FALSE,TRUE,825,8,15,66,08B,1161852,1861791,2016,1/13/2017 15:52,41.77642136,-87.68221086,"(41.776421, -87.682211)"
10736589,HZ496269,10/30/2016 4:00,040XX W GRAND AVE,620,BURGLARY,UNLAWFUL ENTRY,OTHER,TRUE,FALSE,2534,25,30,23,5,1149270,1909077,2016,1/13/2017 15:52,41.90643249,-87.72711272,"(41.906432, -87.727113)"
10757918,HZ520603,11/18/2016 15:55,077XX S BURNHAM AVE,460,BATTERY,SIMPLE,"SCHOOL, PUBLIC, GROUNDS",TRUE,FALSE,421,4,7,43,08B,1196066,1854156,2016,1/13/2017 15:52,41.75469107,-87.55703869,"(41.754691, -87.557039)"
10764524,HZ529347,11/26/2016 4:19,061XX N BROADWAY,031A,ROBBERY,ARMED: HANDGUN,DRUG STORE,TRUE,FALSE,2433,24,48,77,3,1167183,1941083,2016,1/13/2017 15:52,41.99389209,-87.66038822,"(41.993892, -87.660388)"
10767516,HZ532855,11/29/2016 2:10,053XX W IRVING PARK RD,610,BURGLARY,FORCIBLE ENTRY,COMMERCIAL / BUSINESS OFFICE,FALSE,FALSE,1624,16,38,15,5,1139950,1926076,2016,1/13/2017 15:52,41.95325517,-87.76093228,"(41.953255, -87.760932)"
10768442,HZ533545,11/29/2016 15:15,072XX S EXCHANGE AVE,330,ROBBERY,AGGRAVATED,OTHER,FALSE,FALSE,334,3,7,43,3,1194252,1857176,2016,1/13/2017 15:52,41.76302291,-87.56358729,"(41.763023, -87.563587)"
10775686,HZ542205,12/5/2016 2:50,006XX N WELLS ST,620,BURGLARY,UNLAWFUL ENTRY,CONSTRUCTION SITE,FALSE,FALSE,1831,18,42,8,5,1174621,1904600,2016,1/13/2017 15:52,41.89361798,-87.63412309,"(41.893618, -87.634123)"
10782627,HZ550036,12/13/2016 11:40,004XX S KILPATRICK AVE,1330,CRIMINAL TRESPASS,TO LAND,OTHER,FALSE,FALSE,1131,11,24,25,26,1145127,1897506,2016,1/13/2017 15:52,41.87475968,-87.74262435,"(41.87476, -87.742624)"
10663766,HZ330264,6/30/2016 16:24,001XX N LOCKWOOD AVE,2026,NARCOTICS,POSS: PCP,APARTMENT,TRUE,FALSE,1523,15,28,25,18,,,2016,1/21/2017 15:46,,,
10814834,JA114293,1/3/2017 11:00,055XX N SHERIDAN RD,1310,CRIMINAL DAMAGE,TO PROPERTY,COMMERCIAL / BUSINESS OFFICE,FALSE,FALSE,2023,20,48,77,14,1168632,1937168,2017,2/14/2017 15:49,41.98311787,-87.65517226,"(41.983118, -87.655172)"
1896258,G749215,12/15/2001 2:00,011XX N STATE ST,460,BATTERY,SIMPLE,STREET,FALSE,FALSE,1824,18,,,08B,,,2001,8/17/2015 15:03,,,
10784909,HZ552761,12/15/2016 9:30,058XX N NAGLE AVE,610,BURGLARY,FORCIBLE ENTRY,RESIDENCE,FALSE,FALSE,1622,16,45,10,5,1132603,1938481,2016,1/13/2017 15:52,41.98742718,-87.78765044,"(41.987427, -87.78765)"
10784911,HZ552993,12/15/2016 7:15,057XX W HIGGINS AVE,610,BURGLARY,FORCIBLE ENTRY,RESIDENCE,FALSE,FALSE,1622,16,45,11,5,1136975,1932683,2016,1/13/2017 15:52,41.9714394,-87.77170958,"(41.971439, -87.77171)"
10794289,HZ565070,12/26/2016 3:00,074XX S EVANS AVE,1310,CRIMINAL DAMAGE,TO PROPERTY,RESIDENCE,TRUE,FALSE,323,3,6,69,14,1182511,1855932,2016,1/13/2017 15:52,41.7598895,-87.6066581,"(41.759889, -87.606658)"
10800448,HZ570978,12/31/2016 5:27,039XX W DIVISION ST,860,THEFT,RETAIL THEFT,GAS STATION,TRUE,FALSE,2535,25,27,23,6,1149691,1907712,2016,1/13/2017 15:52,41.90267862,-87.72560174,"(41.902679, -87.725602)"
10800934,HZ571573,12/30/2016 17:30,031XX N CLARK ST,890,THEFT,FROM BUILDING,DEPARTMENT STORE,TRUE,FALSE,1933,19,44,6,6,1170283,1920956,2016,1/13/2017 15:52,41.93859561,-87.64957603,"(41.938596, -87.649576)"
10806274,JA105131,12/30/2016 22:00,043XX S ST LAWRENCE AVE,1310,CRIMINAL DAMAGE,TO PROPERTY,RESIDENCE,FALSE,FALSE,221,2,4,38,14,1180988,1876298,2016,1/13/2017 15:52,41.81581084,-87.61161328,"(41.815811, -87.611613)"
20676,HV539217,10/29/2012 11:15,079XX S ESCANABA AVE,110,HOMICIDE,FIRST DEGREE MURDER,STREET,TRUE,FALSE,422,4,7,46,01A,1196878,1852939,2012,1/13/2017 15:52,41.75133139,-87.55410341,"(41.751331, -87.554103)"
22053,HY395938,8/25/2015 18:53,011XX N CICERO AVE,110,HOMICIDE,FIRST DEGREE MURDER,GAS STATION,TRUE,FALSE,1531,15,37,25,01A,1144151,1907349,2015,1/13/2017 15:52,41.9017884,-87.74596047,"(41.901788, -87.74596)"
10795020,HZ565879,12/26/2016 18:44,052XX N SAWYER AVE,461,BATTERY,AGG PO HANDS ETC SERIOUS INJ,RESIDENTIAL YARD (FRONT/BACK),TRUE,FALSE,1712,17,39,13,04B,1153766,1934620,2016,1/14/2017 15:47,41.97643599,-87.70991467,"(41.976436, -87.709915)"
10800970,HZ571606,12/31/2016 14:00,009XX S LAFLIN ST,1540,OBSCENITY,OBSCENE MATTER,RESIDENCE,TRUE,TRUE,1231,12,25,28,17,1166526,1895972,2016,1/14/2017 15:47,41.87011925,-87.66410017,"(41.870119, -87.6641)"
7860618,HS674524,12/24/2010 2:32,042XX W BELMONT AVE,610,BURGLARY,FORCIBLE ENTRY,SMALL RETAIL STORE,TRUE,FALSE,1731,17,31,16,5,1147781,1920945,2010,2/5/2017 15:48,41.93902814,-87.73227687,"(41.939028, -87.732277)"
9683993,HX334612,7/7/2014 7:00,027XX W 16TH ST,291,CRIM SEXUAL ASSAULT,ATTEMPT NON-AGGRAVATED,APARTMENT,TRUE,TRUE,1023,10,28,29,2,1158373,1891947,2014,2/8/2017 16:05,41.85924477,-87.6941424,"(41.859245, -87.694142)"
10802166,JA101218,1/1/2017 22:00,051XX S HOMAN AVE,910,MOTOR VEHICLE THEFT,AUTOMOBILE,STREET,TRUE,FALSE,822,8,14,63,7,1154581,1870275,2017,2/14/2017 15:49,41.79985068,-87.70864018,"(41.799851, -87.70864)"
10802947,JA102254,1/3/2017 0:45,079XX S INGLESIDE AVE,051A,ASSAULT,AGGRAVATED: HANDGUN,APARTMENT,TRUE,FALSE,624,6,8,44,04A,1183939,1852589,2017,2/14/2017 15:49,41.75068275,-87.60152876,"(41.750683, -87.601529)"
10677771,HZ278254,5/24/2016 18:40,029XX E 89TH ST,2017,NARCOTICS,MANU/DELIVER:CRACK,SIDEWALK,TRUE,FALSE,423,4,10,46,18,,,2016,1/14/2017 15:49,,,
10703465,HZ446950,9/23/2016 19:38,002XX N PULASKI RD,2014,NARCOTICS,MANU/DELIVER: HEROIN (WHITE),SIDEWALK,TRUE,FALSE,1114,11,28,26,18,,,2016,1/14/2017 15:49,,,
10808223,JA107084,1/7/2017 9:45,015XX S MILLARD AVE,486,BATTERY,DOMESTIC BATTERY SIMPLE,APARTMENT,TRUE,TRUE,1014,10,24,29,08B,1152295,1892115,2017,2/14/2017 15:49,41.85982778,-87.71644853,"(41.859828, -87.716449)"
10808309,JA107260,1/7/2017 12:30,082XX S INGLESIDE AVE,820,THEFT,$500 AND UNDER,APARTMENT,FALSE,TRUE,631,6,8,44,6,1183997,1850624,2017,2/14/2017 15:49,41.74528923,-87.60137747,"(41.745289, -87.601377)"
10808626,JA107695,1/7/2017 19:30,039XX W 81ST PL,031B,ROBBERY,ARMED: OTHER FIREARM,STREET,FALSE,FALSE,834,8,18,70,3,1151584,1850248,2017,2/14/2017 15:49,41.74495264,-87.72015478,"(41.744953, -87.720155)"
10808736,JA107826,1/7/2017 16:10,003XX N GREEN ST,820,THEFT,$500 AND UNDER,STREET,FALSE,FALSE,1214,12,27,28,6,1170673,1902403,2017,2/14/2017 15:49,41.88767664,-87.648687,"(41.887677, -87.648687)"
10809724,JA107610,1/7/2017 18:05,0000X W RWY 27R,470,PUBLIC PEACE VIOLATION,RECKLESS CONDUCT,AIRCRAFT,FALSE,FALSE,1654,16,41,76,24,,,2017,1/14/2017 15:49,,,
10809893,JA109211,12/30/2006 14:00,031XX W ROOSEVELT RD,1153,DECEPTIVE PRACTICE,FINANCIAL IDENTITY THEFT OVER $ 300,APARTMENT,FALSE,FALSE,1134,11,24,29,11,,,2006,1/14/2017 15:49,,,
10810388,JA107752,1/7/2017 20:54,022XX W 21ST PL,620,BURGLARY,UNLAWFUL ENTRY,RESIDENCE,FALSE,TRUE,1234,12,25,31,5,,,2017,1/14/2017 15:49,,,
10810657,JA106907,1/7/2017 2:18,064XX S DREXEL AVE,580,STALKING,SIMPLE,APARTMENT,FALSE,TRUE,312,3,20,42,08A,,,2017,1/14/2017 15:49,,,
10810746,JA107095,1/7/2017 10:25,050XX S ADA ST,502P,OTHER OFFENSE,FALSE/STOLEN/ALTERED TRP,STREET,FALSE,FALSE,933,9,16,61,26,,,2017,1/14/2017 15:49,,,
10811455,JA107734,1/7/2017 20:33,065XX S DR MARTIN LUTHER KING JR DR,031A,ROBBERY,ARMED: HANDGUN,SIDEWALK,FALSE,FALSE,312,3,20,69,3,,,2017,1/14/2017 15:49,,,
10811612,JA107793,1/7/2017 18:30,010XX N FRANCISCO AVE,5000,OTHER OFFENSE,OTHER CRIME AGAINST PERSON,HOSPITAL BUILDING/GROUNDS,FALSE,FALSE,1211,12,26,24,26,,,2017,1/14/2017 15:49,,,
10812424,JA111645,10/29/2007 6:00,053XX S HOYNE AVE,1153,DECEPTIVE PRACTICE,FINANCIAL IDENTITY THEFT OVER $ 300,APARTMENT,FALSE,FALSE,932,9,16,61,11,,,2007,1/14/2017 15:49,,,
10813751,JA113073,3/17/2003 20:00,029XX N MELVINA AVE,5093,NON-CRIMINAL,LOST PASSPORT,RESIDENCE,FALSE,FALSE,2511,25,29,19,26,,,2003,1/14/2017 15:49,,,
10814841,JA114193,12/16/2016 12:30,052XX S STATE ST,820,THEFT,$500 AND UNDER,"SCHOOL, PUBLIC, BUILDING",FALSE,FALSE,225,2,3,40,6,,,2016,1/14/2017 15:49,,,
10814848,JA114273,8/18/2016 0:01,051XX S RUTHERFORD AVE,1110,DECEPTIVE PRACTICE,BOGUS CHECK,OTHER,FALSE,FALSE,811,8,23,56,11,,,2016,1/14/2017 15:49,,,
10814859,JA114317,10/1/2011 9:00,064XX S PARNELL AVE,1153,DECEPTIVE PRACTICE,FINANCIAL IDENTITY THEFT OVER $ 300,RESIDENCE,FALSE,FALSE,722,7,20,68,11,,,2011,1/14/2017 15:49,,,
10814877,JA114213,9/6/2016 15:00,0000X S AUSTIN BLVD,1155,DECEPTIVE PRACTICE,AGGRAVATED FINANCIAL IDENTITY THEFT,RESIDENCE,FALSE,FALSE,1513,15,29,25,11,,,2016,1/14/2017 15:49,,,
10814905,JA114365,11/30/2016 9:00,098XX S BELL AVE,1153,DECEPTIVE PRACTICE,FINANCIAL IDENTITY THEFT OVER $ 300,RESIDENCE,FALSE,FALSE,2213,22,19,72,11,,,2016,1/14/2017 15:49,,,
10814933,JA114292,9/28/2016 20:00,059XX S HERMITAGE AVE,560,ASSAULT,SIMPLE,RESIDENCE,FALSE,TRUE,714,7,15,67,08A,,,2016,1/14/2017 15:49,,,
10815099,JA114457,5/30/2015 20:15,061XX S MICHIGAN AVE,1156,DECEPTIVE PRACTICE,ATTEMPT - FINANCIAL IDENTITY THEFT,OTHER,FALSE,FALSE,311,3,20,40,11,,,2015,1/14/2017 15:49,,,
10815115,JA114141,4/1/2016 6:00,026XX W 63RD ST,265,CRIM SEXUAL ASSAULT,AGGRAVATED: OTHER,NURSING HOME/RETIREMENT HOME,FALSE,FALSE,825,8,15,66,2,,,2016,1/14/2017 15:49,,,
10815123,JA114570,11/28/2016 13:00,006XX W HUBBARD ST,810,THEFT,OVER $500,STREET,FALSE,FALSE,1214,12,27,24,6,,,2016,1/14/2017 15:49,,,
10815194,JA114616,2/1/2016 0:00,046XX S LA CROSSE AVE,1310,CRIMINAL DAMAGE,TO PROPERTY,ABANDONED BUILDING,FALSE,FALSE,814,8,23,56,14,,,2016,1/14/2017 15:49,,,
10815245,JA114689,8/19/2016 0:01,042XX W ROSCOE ST,1152,DECEPTIVE PRACTICE,ILLEGAL USE CASH CARD,RESIDENCE,FALSE,FALSE,1731,17,30,16,11,,,2016,1/14/2017 15:49,,,
10815270,JA114693,11/21/2016 12:00,043XX N ELSTON AVE,5093,NON-CRIMINAL,LOST PASSPORT,RESTAURANT,FALSE,FALSE,1722,17,39,16,26,,,2016,1/14/2017 15:49,,,
10815273,JA114761,12/14/2016 12:00,041XX N DICKINSON AVE,1154,DECEPTIVE PRACTICE,FINANCIAL IDENTITY THEFT $300 AND UNDER,APARTMENT,FALSE,FALSE,1624,16,45,15,11,,,2016,1/14/2017 15:49,,,
10815004,JA114430,12/1/2016 12:00,028XX N LINCOLN AVE,1153,DECEPTIVE PRACTICE,FINANCIAL IDENTITY THEFT OVER $ 300,RESIDENCE,FALSE,FALSE,1933,19,32,6,11,,,2016,1/17/2017 15:57,,,
10814922,JA114372,1/3/2017 0:01,021XX E 97TH ST,1152,DECEPTIVE PRACTICE,ILLEGAL USE CASH CARD,RESIDENCE,FALSE,FALSE,431,4,7,51,11,1191919,1841058,2017,2/14/2017 15:49,41.71885063,-87.57266017,"(41.718851, -87.57266)"
10814966,JA113309,1/5/2017 18:41,076XX S HERMITAGE AVE,620,BURGLARY,UNLAWFUL ENTRY,APARTMENT,FALSE,FALSE,611,6,17,71,5,1166007,1854030,2017,2/14/2017 15:49,41.7550368,-87.66719917,"(41.755037, -87.667199)"
10814968,JA114440,1/2/2017 12:00,024XX W MADISON ST,1154,DECEPTIVE PRACTICE,FINANCIAL IDENTITY THEFT $300 AND UNDER,GAS STATION,FALSE,FALSE,1222,12,2,28,11,1160045,1899941,2017,2/14/2017 15:49,41.88114675,-87.68778433,"(41.881147, -87.687784)"
10815106,JA109393,1/1/2017 0:01,034XX W BEACH AVE,1310,CRIMINAL DAMAGE,TO PROPERTY,APARTMENT,FALSE,FALSE,1422,14,26,23,14,1153161,1909425,2017,2/14/2017 15:49,41.90731109,-87.71281022,"(41.907311, -87.71281)"
10815126,JA114536,1/6/2017 9:22,001XX N STATE ST,820,THEFT,$500 AND UNDER,DEPARTMENT STORE,TRUE,FALSE,111,1,42,32,6,1176352,1900927,2017,2/14/2017 15:49,41.88350019,-87.6278767,"(41.8835, -87.627877)"
10815203,JA114674,1/7/2017 23:00,004XX N CLARK ST,1150,DECEPTIVE PRACTICE,CREDIT CARD FRAUD,STREET,FALSE,FALSE,1831,18,42,8,11,1175463,1903198,2017,2/14/2017 15:49,41.88975195,-87.63107289,"(41.889752, -87.631073)"
10815218,JA114666,1/3/2017 16:01,063XX S MAPLEWOOD AVE,610,BURGLARY,FORCIBLE ENTRY,RESIDENCE,FALSE,FALSE,825,8,15,66,5,1160462,1862582,2017,2/14/2017 15:49,41.77862075,-87.68728477,"(41.778621, -87.687285)"
10815240,JA114661,1/6/2017 17:00,072XX S DORCHESTER AVE,1150,DECEPTIVE PRACTICE,CREDIT CARD FRAUD,APARTMENT,FALSE,FALSE,324,3,5,43,11,1186788,1857443,2017,2/14/2017 15:49,41.76393561,-87.59093531,"(41.763936, -87.590935)"
10815291,JA114802,10/17/2011 0:00,028XX E 80TH ST,1153,DECEPTIVE PRACTICE,FINANCIAL IDENTITY THEFT OVER $ 300,APARTMENT,FALSE,FALSE,422,4,7,46,11,,,2011,1/14/2017 15:49,,,
10815294,JA114828,9/24/2016 0:01,002XX N LAVERGNE AVE,2825,OTHER OFFENSE,HARASSMENT BY TELEPHONE,"SCHOOL, PUBLIC, BUILDING",FALSE,FALSE,1532,15,28,25,26,,,2016,1/14/2017 15:49,,,
10815300,JA114885,4/1/2016 9:00,116XX S LOWE AVE,1150,DECEPTIVE PRACTICE,CREDIT CARD FRAUD,APARTMENT,FALSE,FALSE,524,5,34,53,11,,,2016,1/14/2017 15:49,,,
10815311,JA114894,5/31/2016 0:00,021XX W HOWARD ST,810,THEFT,OVER $500,RESIDENCE,FALSE,FALSE,2424,24,49,1,6,,,2016,1/14/2017 15:49,,,
10815362,JA114911,10/7/2016 12:00,017XX W THORNDALE AVE,2826,OTHER OFFENSE,HARASSMENT BY ELECTRONIC MEANS,RESIDENCE,FALSE,FALSE,2012,20,40,77,26,,,2016,1/14/2017 15:49,,,
10815369,JA113658,12/15/2016 14:00,042XX S CALUMET AVE,1110,DECEPTIVE PRACTICE,BOGUS CHECK,RESIDENCE,FALSE,FALSE,213,2,3,38,11,,,2016,1/14/2017 15:49,,,
10815468,JA115075,4/7/2016 20:22,036XX N NEWLAND AVE,2826,OTHER OFFENSE,HARASSMENT BY ELECTRONIC MEANS,RESIDENCE,FALSE,TRUE,1632,16,36,17,26,,,2016,1/14/2017 15:49,,,
10815512,HZ552317,12/14/2016 14:00,103XX S CLAREMONT AVE,865,THEFT,DELIVERY CONTAINER THEFT,RESIDENCE PORCH/HALLWAY,FALSE,FALSE,2212,22,19,72,6,,,2016,1/14/2017 15:49,,,
10815618,JA115143,8/13/2013 12:00,065XX S WOODLAWN AVE,1153,DECEPTIVE PRACTICE,FINANCIAL IDENTITY THEFT OVER $ 300,OTHER,FALSE,FALSE,321,3,20,42,11,,,2013,1/14/2017 15:49,,,
10815678,JA114418,11/23/2016 8:00,020XX W JACKSON BLVD,810,THEFT,OVER $500,APARTMENT,FALSE,FALSE,1225,12,2,28,6,,,2016,1/14/2017 15:49,,,
10815701,JA115061,12/1/2016 9:00,049XX N WINTHROP AVE,1156,DECEPTIVE PRACTICE,ATTEMPT - FINANCIAL IDENTITY THEFT,APARTMENT,FALSE,FALSE,2024,20,48,3,11,,,2016,1/14/2017 15:49,,,
10815721,JA115472,12/1/2016 21:31,022XX E 103RD ST,2826,OTHER OFFENSE,HARASSMENT BY ELECTRONIC MEANS,OTHER,FALSE,FALSE,434,4,10,51,26,,,2016,1/14/2017 15:49,,,
10815835,JA114776,12/9/2016 15:45,065XX S CHAMPLAIN AVE,545,ASSAULT,PRO EMP HANDS NO/MIN INJURY,"SCHOOL, PUBLIC, BUILDING",FALSE,FALSE,321,3,20,42,08A,,,2016,1/14/2017 15:49,,,
10815850,JA115614,11/9/2016 11:30,067XX W GRAND AVE,810,THEFT,OVER $500,OTHER,FALSE,FALSE,2512,25,36,18,6,,,2016,1/14/2017 15:49,,,
10815874,JA115569,12/4/2016 12:00,023XX S HAMLIN AVE,560,ASSAULT,SIMPLE,RESIDENCE,FALSE,FALSE,1013,10,22,30,08A,,,2016,1/14/2017 15:49,,,
10815454,JA114663,10/3/2016 12:00,052XX S GREEN ST,610,BURGLARY,FORCIBLE ENTRY,ABANDONED BUILDING,FALSE,FALSE,934,9,3,61,5,,,2016,1/19/2017 15:52,,,
10815601,JA114470,12/27/2016 5:00,031XX W GRAND AVE,620,BURGLARY,UNLAWFUL ENTRY,PARKING LOT/GARAGE(NON.RESID.),FALSE,FALSE,1211,12,27,23,5,1155452,1905849,2016,1/19/2017 15:52,41.89745243,-87.70449063,"(41.897452, -87.704491)"
10815277,JA114759,1/1/2017 3:30,016XX S WABASH AVE,810,THEFT,OVER $500,OTHER,FALSE,FALSE,131,1,2,33,6,1177029,1892251,2017,2/14/2017 15:49,41.85967742,-87.62565339,"(41.859677, -87.625653)"
10815318,JA114905,1/6/2017 17:00,070XX S CLYDE AVE,1130,DECEPTIVE PRACTICE,FRAUD OR CONFIDENCE GAME,RESIDENCE,FALSE,FALSE,331,3,5,43,11,1191426,1858808,2017,2/14/2017 15:49,41.76757017,-87.57389208,"(41.76757, -87.573892)"
10815330,JA114934,1/4/2017 17:00,019XX S SPAULDING AVE,1130,DECEPTIVE PRACTICE,FRAUD OR CONFIDENCE GAME,APARTMENT,FALSE,FALSE,1022,10,24,29,11,1154669,1890351,2017,2/14/2017 15:49,41.85494003,-87.70778137,"(41.85494, -87.707781)"
10815349,JA114901,1/5/2017 0:00,103XX S SANGAMON ST,1582,OFFENSE INVOLVING CHILDREN,CHILD PORNOGRAPHY,RESIDENCE,FALSE,FALSE,2232,22,34,73,17,1171809,1836254,2017,2/14/2017 15:49,41.70613172,-87.64645631,"(41.706132, -87.646456)"
10815370,JA114710,1/4/2017 9:00,027XX W SUNNYSIDE AVE,810,THEFT,OVER $500,RESIDENCE,FALSE,FALSE,1724,17,33,14,6,1157324,1929781,2017,2/14/2017 15:49,41.96308572,-87.69696258,"(41.963086, -87.696963)"
10815392,JA114811,1/3/2017 20:00,083XX S DANTE AVE,1750,OFFENSE INVOLVING CHILDREN,CHILD ABUSE,RESIDENCE,FALSE,TRUE,412,4,8,45,20,1187323,1849877,2017,2/14/2017 15:49,41.7431611,-87.58921428,"(41.743161, -87.589214)"
10815404,JA114685,1/4/2017 12:55,003XX W CERMAK RD,890,THEFT,FROM BUILDING,RESIDENCE,FALSE,FALSE,914,9,25,34,6,1174293,1889751,2017,2/14/2017 15:49,41.85287868,-87.63577091,"(41.852879, -87.635771)"
10815895,JA115667,4/1/2016 0:01,004XX E 33RD ST,1154,DECEPTIVE PRACTICE,FINANCIAL IDENTITY THEFT $300 AND UNDER,RESIDENCE,FALSE,FALSE,211,2,4,35,11,,,2016,1/14/2017 15:49,,,
23067,JA107083,1/7/2017 10:07,013XX W HASTINGS ST,110,HOMICIDE,FIRST DEGREE MURDER,STREET,FALSE,FALSE,1233,12,2,28,01A,1167596,1893850,2017,1/14/2017 15:49,41.86427335,-87.66023297,"(41.864273, -87.660233)"
10642897,HZ387415,8/11/2016 9:56,070XX S LOWE AVE,2024,NARCOTICS,POSS: HEROIN(WHITE),RESIDENCE,TRUE,FALSE,732,7,6,68,18,,,2016,1/14/2017 15:47,,,
10646082,HZ392707,8/15/2016 8:00,006XX W OHARE ST,1812,NARCOTICS,POSS: CANNABIS MORE THAN 30GMS,GOVERNMENT BUILDING/PROPERTY,TRUE,FALSE,1654,16,41,76,18,,,2016,1/14/2017 15:47,,,
10646135,HZ392701,8/15/2016 8:00,033XX W FILLMORE ST,1812,NARCOTICS,POSS: CANNABIS MORE THAN 30GMS,GOVERNMENT BUILDING/PROPERTY,TRUE,FALSE,1134,11,24,29,18,,,2016,1/14/2017 15:47,,,
10646153,HZ388099,8/11/2016 17:33,054XX S PAULINA ST,1811,NARCOTICS,POSS: CANNABIS 30GMS OR LESS,RESIDENCE,TRUE,FALSE,932,9,16,61,18,,,2016,1/14/2017 15:47,,,
10646216,HZ387560,8/11/2016 12:03,013XX W WILSON AVE,2017,NARCOTICS,MANU/DELIVER:CRACK,SIDEWALK,TRUE,FALSE,1913,19,46,3,18,,,2016,1/14/2017 15:47,,,
10647534,HZ389558,8/12/2016 19:15,001XX S PULASKI RD,2027,NARCOTICS,POSS: CRACK,STREET,TRUE,FALSE,1115,11,28,26,18,,,2016,1/14/2017 15:47,,,
